$ pnpm run reference:generate && vite build
$ node scripts/extract-component-reference.mjs
Extracted 100 families, 413 parts, 3844 entries.
vite v8.2.2 building ssr environment for production...
transforming...
✓ 3778 modules transformed.
rendering chunks...
computing gzip size...
.svelte-kit/output/server/_app/immutable/assets/instrument-sans-latin-ext-wght-normal.B5bTHO_g.woff2     11.14 kB
.svelte-kit/output/server/_app/immutable/assets/instrument-sans-latin-wght-normal.BbzFLZTg.woff2         30.09 kB
.svelte-kit/output/server/.vite/manifest.json                                                           164.56 kB │ gzip:  14.92 kB
.svelte-kit/output/server/_app/immutable/assets/metadata-list.CWbTIo47.css                                0.06 kB │ gzip:   0.08 kB
.svelte-kit/output/server/_app/immutable/assets/Voronoi.ce7atosu.css                                      0.09 kB │ gzip:   0.09 kB
.svelte-kit/output/server/_app/immutable/assets/tabs.BUrXyqGR.css                                         0.12 kB │ gzip:   0.12 kB
.svelte-kit/output/server/_app/immutable/assets/sidebar.DRc8qLRX.css                                      0.14 kB │ gzip:   0.11 kB
.svelte-kit/output/server/_app/immutable/assets/clickable-card.CSSxBjB0.css                               0.15 kB │ gzip:   0.13 kB
.svelte-kit/output/server/_app/immutable/assets/selectable-card.TpNICFS5.css                              0.15 kB │ gzip:   0.12 kB
.svelte-kit/output/server/_app/immutable/assets/stepper.DDa1hhV_.css                                      0.15 kB │ gzip:   0.12 kB
.svelte-kit/output/server/_app/immutable/assets/outline.aG2yq5Xr.css                                      0.16 kB │ gzip:   0.13 kB
.svelte-kit/output/server/_app/immutable/assets/banner.BkQTA2tc.css                                       0.22 kB │ gzip:   0.13 kB
.svelte-kit/output/server/_app/immutable/assets/avatar.C-MIoPDO.css                                       0.24 kB │ gzip:   0.15 kB
.svelte-kit/output/server/_app/immutable/assets/chat.ins0Umg9.css                                         0.24 kB │ gzip:   0.14 kB
.svelte-kit/output/server/_app/immutable/assets/_page.DZPwHYQY.css                                        0.26 kB │ gzip:   0.15 kB
.svelte-kit/output/server/_app/immutable/assets/select.CV-KWLNP.css                                       0.28 kB │ gzip:   0.14 kB
.svelte-kit/output/server/_app/immutable/assets/HighlightedCode.Du4iRdB0.css                              0.32 kB │ gzip:   0.15 kB
.svelte-kit/output/server/_app/immutable/assets/data-table.BCoen3hH.css                                   0.34 kB │ gzip:   0.16 kB
.svelte-kit/output/server/_app/immutable/assets/ChartAnnotations.Bw8CGteN.css                             0.52 kB │ gzip:   0.18 kB
.svelte-kit/output/server/_app/immutable/assets/_layout.BrkCDwO1.css                                      0.57 kB │ gzip:   0.20 kB
.svelte-kit/output/server/_app/immutable/assets/Labels.sEaJtb97.css                                       0.60 kB │ gzip:   0.24 kB
.svelte-kit/output/server/_app/immutable/assets/_page.BxhnMuML.css                                        0.78 kB │ gzip:   0.39 kB
.svelte-kit/output/server/_app/immutable/assets/scroll-area.DQVAQz17.css                                  0.80 kB │ gzip:   0.28 kB
.svelte-kit/output/server/_app/immutable/assets/code-block.IdtFEapU.css                                   0.93 kB │ gzip:   0.33 kB
.svelte-kit/output/server/_app/immutable/assets/stepped-form.BX0BXXLF.css                                 0.94 kB │ gzip:   0.33 kB
.svelte-kit/output/server/_app/immutable/assets/Path.QnSj8aSq.css                                         1.07 kB │ gzip:   0.34 kB
.svelte-kit/output/server/_app/immutable/assets/_page.SrL3NRCo.css                                        1.48 kB │ gzip:   0.58 kB
.svelte-kit/output/server/_app/immutable/assets/progressive-blur.B_mmgue3.css                             1.75 kB │ gzip:   0.45 kB
.svelte-kit/output/server/_app/immutable/assets/Legend.Co_F-w3i.css                                       2.09 kB │ gzip:   0.55 kB
.svelte-kit/output/server/_app/immutable/assets/_page.Cct5KuGJ.css                                        2.19 kB │ gzip:   0.65 kB
.svelte-kit/output/server/_app/immutable/assets/Benchmark.DnMXvlqs.css                                    2.85 kB │ gzip:   0.94 kB
.svelte-kit/output/server/_app/immutable/assets/_page._gstGjBT.css                                        3.02 kB │ gzip:   1.06 kB
.svelte-kit/output/server/_app/immutable/assets/DefaultTooltip.Dyo5TEFW.css                               3.08 kB │ gzip:   0.85 kB
.svelte-kit/output/server/_app/immutable/assets/_page.B4D18_7b.css                                        3.85 kB │ gzip:   1.03 kB
.svelte-kit/output/server/_app/immutable/assets/_page.DIolnvgE.css                                        4.18 kB │ gzip:   1.21 kB
.svelte-kit/output/server/_app/immutable/assets/_page.sUvxE9NP.css                                        4.75 kB │ gzip:   1.13 kB
.svelte-kit/output/server/_app/immutable/assets/drawer.gmmBdIMB.css                                       5.02 kB │ gzip:   0.95 kB
.svelte-kit/output/server/_app/immutable/assets/_page.CsT5sIlY.css                                        5.08 kB │ gzip:   1.36 kB
.svelte-kit/output/server/_app/immutable/assets/chart.CQGF6DBw.css                                        5.38 kB │ gzip:   1.05 kB
.svelte-kit/output/server/_app/immutable/assets/_layout.BZ7nCy3r.css                                      5.80 kB │ gzip:   1.68 kB
.svelte-kit/output/server/_app/immutable/assets/_page.Bjwj4pAC.css                                        6.05 kB │ gzip:   1.36 kB
.svelte-kit/output/server/_app/immutable/assets/_page.-mnVwiU6.css                                        6.94 kB │ gzip:   1.52 kB
.svelte-kit/output/server/_app/immutable/assets/_page.DwkXazBS.css                                        9.67 kB │ gzip:   2.27 kB
.svelte-kit/output/server/_app/immutable/assets/_page.RV5W4wfO.css                                       15.27 kB │ gzip:   3.32 kB
.svelte-kit/output/server/_app/immutable/assets/_page.Bha7GDMH.css                                       21.00 kB │ gzip:   4.25 kB
.svelte-kit/output/server/_app/immutable/assets/_layout.D4W6ieyZ.css                                    237.82 kB │ gzip:  35.72 kB
.svelte-kit/output/server/chunks/input2.js                                                                0.03 kB │ gzip:   0.04 kB
.svelte-kit/output/server/chunks/label3.js                                                                0.03 kB │ gzip:   0.04 kB
.svelte-kit/output/server/chunks/button2.js                                                               0.03 kB │ gzip:   0.05 kB
.svelte-kit/output/server/chunks/paths.js                                                                 0.03 kB │ gzip:   0.05 kB
.svelte-kit/output/server/chunks/separator3.js                                                            0.03 kB │ gzip:   0.05 kB
.svelte-kit/output/server/entries/pages/_layout.ts.js                                                     0.12 kB │ gzip:   0.12 kB │ map:     0.18 kB
.svelte-kit/output/server/chunks/utils.js                                                                 0.23 kB │ gzip:   0.18 kB │ map:     0.84 kB
.svelte-kit/output/server/entries/pages/demo/playwright/_page.svelte.js                                   0.25 kB │ gzip:   0.20 kB │ map:     0.19 kB
.svelte-kit/output/server/env.js                                                                          0.31 kB │ gzip:   0.19 kB │ map:     0.57 kB
.svelte-kit/output/server/chunks/pdf-viewer4.js                                                           0.34 kB │ gzip:   0.24 kB │ map:     0.34 kB
.svelte-kit/output/server/chunks/input3.js                                                                0.34 kB │ gzip:   0.23 kB │ map:     0.56 kB
.svelte-kit/output/server/chunks/label2.js                                                                0.34 kB │ gzip:   0.23 kB │ map:     0.56 kB
.svelte-kit/output/server/chunks/toggle2.js                                                               0.35 kB │ gzip:   0.23 kB │ map:     0.57 kB
.svelte-kit/output/server/chunks/rolldown-runtime.js                                                      0.36 kB │ gzip:   0.25 kB
.svelte-kit/output/server/chunks/skeleton2.js                                                             0.36 kB │ gzip:   0.23 kB │ map:     0.59 kB
.svelte-kit/output/server/chunks/textarea2.js                                                             0.36 kB │ gzip:   0.23 kB │ map:     0.59 kB
.svelte-kit/output/server/chunks/separator2.js                                                            0.37 kB │ gzip:   0.23 kB │ map:     0.60 kB
.svelte-kit/output/server/chunks/on-mount-effect.svelte.js                                                0.39 kB │ gzip:   0.26 kB │ map:     0.55 kB
.svelte-kit/output/server/internal.js                                                                     0.41 kB │ gzip:   0.20 kB
.svelte-kit/output/server/chunks/code-block4.js                                                           0.44 kB │ gzip:   0.29 kB │ map:     0.47 kB
.svelte-kit/output/server/chunks/blockquote4.js                                                           0.50 kB │ gzip:   0.32 kB │ map:     0.43 kB
.svelte-kit/output/server/chunks/separator6.js                                                            0.50 kB │ gzip:   0.32 kB │ map:     0.48 kB
.svelte-kit/output/server/chunks/minus.js                                                                 0.51 kB │ gzip:   0.34 kB │ map:     1.43 kB
.svelte-kit/output/server/chunks/check.js                                                                 0.52 kB │ gzip:   0.35 kB │ map:     1.45 kB
.svelte-kit/output/server/chunks/max.js                                                                   0.52 kB │ gzip:   0.28 kB │ map:     1.01 kB
.svelte-kit/output/server/chunks/min.js                                                                   0.52 kB │ gzip:   0.28 kB │ map:     1.01 kB
.svelte-kit/output/server/chunks/x.js                                                                     0.53 kB │ gzip:   0.35 kB │ map:     1.53 kB
.svelte-kit/output/server/chunks/progress4.js                                                             0.53 kB │ gzip:   0.30 kB │ map:     0.53 kB
.svelte-kit/output/server/chunks/chevron-right.js                                                         0.56 kB │ gzip:   0.35 kB │ map:     1.48 kB
.svelte-kit/output/server/chunks/loader-circle.js                                                         0.57 kB │ gzip:   0.36 kB │ map:     1.51 kB
.svelte-kit/output/server/chunks/arrow-left.js                                                            0.57 kB │ gzip:   0.37 kB │ map:     1.58 kB
.svelte-kit/output/server/chunks/arrow-right.js                                                           0.58 kB │ gzip:   0.36 kB │ map:     1.57 kB
.svelte-kit/output/server/chunks/toggle5.js                                                               0.58 kB │ gzip:   0.35 kB │ map:     0.57 kB
.svelte-kit/output/server/chunks/mounted.js                                                               0.59 kB │ gzip:   0.37 kB │ map:     0.86 kB
.svelte-kit/output/server/entries/fallbacks/error.svelte.js                                               0.59 kB │ gzip:   0.38 kB │ map:     0.60 kB
.svelte-kit/output/server/chunks/sonner3.js                                                               0.59 kB │ gzip:   0.37 kB │ map:     0.51 kB
.svelte-kit/output/server/chunks/range-calendar4.js                                                       0.60 kB │ gzip:   0.34 kB │ map:     0.76 kB
.svelte-kit/output/server/chunks/skeleton5.js                                                             0.60 kB │ gzip:   0.31 kB │ map:     0.49 kB
.svelte-kit/output/server/chunks/skeleton.js                                                              0.61 kB │ gzip:   0.36 kB │ map:     0.77 kB
.svelte-kit/output/server/entries/pages/docs/blocks/_slug_/_page.server.ts.js                             0.62 kB │ gzip:   0.36 kB │ map:     0.93 kB
.svelte-kit/output/server/chunks/label6.js                                                                0.62 kB │ gzip:   0.35 kB │ map:     0.47 kB
.svelte-kit/output/server/chunks/video-player4.js                                                         0.62 kB │ gzip:   0.39 kB │ map:     0.66 kB
.svelte-kit/output/server/chunks/form3.js                                                                 0.67 kB │ gzip:   0.41 kB │ map:     1.95 kB
.svelte-kit/output/server/chunks/citation4.js                                                             0.67 kB │ gzip:   0.39 kB │ map:     0.68 kB
.svelte-kit/output/server/chunks/inbox.js                                                                 0.67 kB │ gzip:   0.43 kB │ map:     1.85 kB
.svelte-kit/output/server/chunks/send.js                                                                  0.67 kB │ gzip:   0.43 kB │ map:     1.86 kB
.svelte-kit/output/server/chunks/index-server.js                                                          0.69 kB │ gzip:   0.37 kB │ map:     1.79 kB
.svelte-kit/output/server/chunks/visually-hidden.js                                                       0.69 kB │ gzip:   0.39 kB │ map:     0.80 kB
.svelte-kit/output/server/chunks/CodeBlock.js                                                             0.70 kB │ gzip:   0.37 kB │ map:     1.05 kB
.svelte-kit/output/server/chunks/ellipsis.js                                                              0.70 kB │ gzip:   0.37 kB │ map:     1.84 kB
.svelte-kit/output/server/chunks/icon-button4.js                                                          0.70 kB │ gzip:   0.35 kB │ map:     0.57 kB
.svelte-kit/output/server/chunks/spinner4.js                                                              0.70 kB │ gzip:   0.33 kB │ map:     0.55 kB
.svelte-kit/output/server/entries/pages/demo/_page.svelte.js                                              0.71 kB │ gzip:   0.35 kB │ map:     0.77 kB
.svelte-kit/output/server/chunks/path2.js                                                                 0.71 kB │ gzip:   0.37 kB │ map:     1.12 kB
.svelte-kit/output/server/chunks/functions.js                                                             0.72 kB │ gzip:   0.44 kB │ map:     1.07 kB
.svelte-kit/output/server/chunks/input6.js                                                                0.77 kB │ gzip:   0.40 kB │ map:     0.56 kB
.svelte-kit/output/server/chunks/shuffle.js                                                               0.78 kB │ gzip:   0.43 kB │ map:     2.14 kB
.svelte-kit/output/server/chunks/file-text.js                                                             0.79 kB │ gzip:   0.44 kB │ map:     2.14 kB
.svelte-kit/output/server/chunks/visually-hidden4.js                                                      0.81 kB │ gzip:   0.45 kB │ map:     0.69 kB
.svelte-kit/output/server/chunks/floating-layer-anchor.js                                                 0.81 kB │ gzip:   0.46 kB │ map:     1.14 kB
.svelte-kit/output/server/chunks/kbd4.js                                                                  0.82 kB │ gzip:   0.37 kB │ map:     0.51 kB
.svelte-kit/output/server/chunks/highlight.js                                                             0.84 kB │ gzip:   0.49 kB │ map:     1.41 kB
.svelte-kit/output/server/chunks/context.svelte.js                                                        0.86 kB │ gzip:   0.40 kB │ map:     1.49 kB
.svelte-kit/output/server/chunks/field-status4.js                                                         0.87 kB │ gzip:   0.38 kB │ map:     0.70 kB
.svelte-kit/output/server/chunks/pdf-viewer.js                                                            0.88 kB │ gzip:   0.49 kB │ map:     2.85 kB
.svelte-kit/output/server/chunks/svelte-resize-observer.svelte.js                                         0.88 kB │ gzip:   0.45 kB │ map:     1.46 kB
.svelte-kit/output/server/chunks/token4.js                                                                0.89 kB │ gzip:   0.44 kB │ map:     0.75 kB
.svelte-kit/output/server/chunks/aspect-ratio4.js                                                         0.89 kB │ gzip:   0.39 kB │ map:     0.77 kB
.svelte-kit/output/server/chunks/Arc.js                                                                   0.91 kB │ gzip:   0.47 kB │ map:     1.10 kB
.svelte-kit/output/server/chunks/sparkles.js                                                              0.92 kB │ gzip:   0.49 kB │ map:     2.41 kB
.svelte-kit/output/server/chunks/calendar-days.js                                                         0.94 kB │ gzip:   0.44 kB │ map:     2.56 kB
.svelte-kit/output/server/chunks/calendar4.js                                                             0.94 kB │ gzip:   0.50 kB │ map:     0.95 kB
.svelte-kit/output/server/chunks/navigation.js                                                            0.94 kB │ gzip:   0.44 kB │ map:     1.41 kB
.svelte-kit/output/server/chunks/chevron-up.js                                                            0.95 kB │ gzip:   0.39 kB │ map:     2.83 kB
.svelte-kit/output/server/chunks/separator5.js                                                            0.97 kB │ gzip:   0.49 kB │ map:     0.07 kB
.svelte-kit/output/server/chunks/spinner.js                                                               0.98 kB │ gzip:   0.45 kB │ map:     1.65 kB
.svelte-kit/output/server/chunks/button-group4.js                                                         0.99 kB │ gzip:   0.31 kB │ map:     0.53 kB
.svelte-kit/output/server/chunks/form.js                                                                  0.99 kB │ gzip:   0.58 kB │ map:     2.57 kB
.svelte-kit/output/server/chunks/visually-hidden3.js                                                      0.99 kB │ gzip:   0.56 kB │ map:     0.08 kB
.svelte-kit/output/server/chunks/search.js                                                                0.99 kB │ gzip:   0.42 kB │ map:     3.05 kB
.svelte-kit/output/server/chunks/separator4.js                                                            0.99 kB │ gzip:   0.50 kB │ map:     1.01 kB
.svelte-kit/output/server/chunks/state.js                                                                 1.00 kB │ gzip:   0.46 kB │ map:     2.71 kB
.svelte-kit/output/server/chunks/status-dot4.js                                                           1.00 kB │ gzip:   0.41 kB │ map:     0.87 kB
.svelte-kit/output/server/chunks/sonner2.js                                                               1.01 kB │ gzip:   0.58 kB │ map:     0.07 kB
.svelte-kit/output/server/chunks/thumbnail4.js                                                            1.02 kB │ gzip:   0.51 kB │ map:     1.04 kB
.svelte-kit/output/server/chunks/slider4.js                                                               1.02 kB │ gzip:   0.43 kB │ map:     0.82 kB
.svelte-kit/output/server/chunks/markdown4.js                                                             1.03 kB │ gzip:   0.62 kB │ map:     1.18 kB
.svelte-kit/output/server/chunks/timestamp4.js                                                            1.04 kB │ gzip:   0.47 kB │ map:     1.11 kB
.svelte-kit/output/server/chunks/overflow-list4.js                                                        1.06 kB │ gzip:   0.57 kB │ map:     1.09 kB
.svelte-kit/output/server/chunks/textarea5.js                                                             1.07 kB │ gzip:   0.44 kB │ map:     0.75 kB
.svelte-kit/output/server/chunks/Points.js                                                                1.08 kB │ gzip:   0.49 kB │ map:     1.33 kB
.svelte-kit/output/server/chunks/switch3.js                                                               1.08 kB │ gzip:   0.58 kB │ map:     0.07 kB
.svelte-kit/output/server/chunks/visually-hidden2.js                                                      1.08 kB │ gzip:   0.58 kB │ map:     1.02 kB
.svelte-kit/output/server/chunks/lightbox4.js                                                             1.09 kB │ gzip:   0.65 kB │ map:     1.24 kB
.svelte-kit/output/server/chunks/icon5.js                                                                 1.09 kB │ gzip:   0.58 kB │ map:     1.07 kB
.svelte-kit/output/server/chunks/timestamp3.js                                                            1.09 kB │ gzip:   0.56 kB │ map:     0.07 kB
.svelte-kit/output/server/chunks/file-input4.js                                                           1.10 kB │ gzip:   0.46 kB │ map:     0.63 kB
.svelte-kit/output/server/chunks/date-range-input4.js                                                     1.10 kB │ gzip:   0.50 kB │ map:     0.97 kB
.svelte-kit/output/server/chunks/text2.js                                                                 1.11 kB │ gzip:   0.64 kB │ map:     0.06 kB
.svelte-kit/output/server/chunks/range-calendar3.js                                                       1.11 kB │ gzip:   0.62 kB │ map:     0.07 kB
.svelte-kit/output/server/chunks/toggle4.js                                                               1.11 kB │ gzip:   0.62 kB │ map:     0.07 kB
.svelte-kit/output/server/chunks/DocsPageHeader.js                                                        1.12 kB │ gzip:   0.47 kB │ map:     0.95 kB
.svelte-kit/output/server/chunks/link4.js                                                                 1.12 kB │ gzip:   0.41 kB │ map:     0.63 kB
.svelte-kit/output/server/chunks/range-calendar2.js                                                       1.13 kB │ gzip:   0.61 kB │ map:     1.35 kB
.svelte-kit/output/server/chunks/async-button4.js                                                         1.13 kB │ gzip:   0.51 kB │ map:     1.04 kB
.svelte-kit/output/server/chunks/link3.js                                                                 1.13 kB │ gzip:   0.64 kB │ map:     0.06 kB
.svelte-kit/output/server/chunks/data-table4.js                                                           1.15 kB │ gzip:   0.51 kB │ map:     1.73 kB
.svelte-kit/output/server/chunks/time-input4.js                                                           1.15 kB │ gzip:   0.51 kB │ map:     0.75 kB
.svelte-kit/output/server/chunks/status-dot3.js                                                           1.16 kB │ gzip:   0.56 kB │ map:     0.07 kB
.svelte-kit/output/server/chunks/time-input3.js                                                           1.16 kB │ gzip:   0.62 kB │ map:     0.07 kB
.svelte-kit/output/server/chunks/timestamp2.js                                                            1.17 kB │ gzip:   0.60 kB │ map:     1.34 kB
.svelte-kit/output/server/chunks/attributes.js                                                            1.19 kB │ gzip:   0.62 kB │ map:     1.69 kB
.svelte-kit/output/server/chunks/badge4.js                                                                1.19 kB │ gzip:   0.35 kB │ map:     0.55 kB
.svelte-kit/output/server/chunks/spinner3.js                                                              1.20 kB │ gzip:   0.64 kB │ map:     0.07 kB
.svelte-kit/output/server/chunks/sonner.js                                                                1.20 kB │ gzip:   0.63 kB │ map:     1.25 kB
.svelte-kit/output/server/chunks/markdown2.js                                                             1.23 kB │ gzip:   0.74 kB │ map:     1.34 kB
.svelte-kit/output/server/chunks/slider3.js                                                               1.24 kB │ gzip:   0.68 kB │ map:     0.07 kB
.svelte-kit/output/server/chunks/checkbox4.js                                                             1.25 kB │ gzip:   0.46 kB │ map:     0.75 kB
.svelte-kit/output/server/chunks/markdown3.js                                                             1.25 kB │ gzip:   0.75 kB │ map:     0.07 kB
.svelte-kit/output/server/chunks/number-input3.js                                                         1.26 kB │ gzip:   0.70 kB │ map:     0.07 kB
.svelte-kit/output/server/chunks/list3.js                                                                 1.26 kB │ gzip:   0.64 kB │ map:     0.06 kB
.svelte-kit/output/server/chunks/date-input4.js                                                           1.26 kB │ gzip:   0.55 kB │ map:     0.89 kB
.svelte-kit/output/server/chunks/code-block3.js                                                           1.27 kB │ gzip:   0.69 kB │ map:     0.07 kB
.svelte-kit/output/server/chunks/status-dot2.js                                                           1.28 kB │ gzip:   0.57 kB │ map:     1.23 kB
.svelte-kit/output/server/chunks/file-input3.js                                                           1.28 kB │ gzip:   0.69 kB │ map:     0.07 kB
.svelte-kit/output/server/chunks/tabs3.js                                                                 1.28 kB │ gzip:   0.62 kB │ map:     0.06 kB
.svelte-kit/output/server/chunks/combobox4.js                                                             1.28 kB │ gzip:   0.61 kB │ map:     0.97 kB
.svelte-kit/output/server/chunks/code-block2.js                                                           1.29 kB │ gzip:   0.68 kB │ map:     1.42 kB
.svelte-kit/output/server/chunks/combobox.js                                                              1.29 kB │ gzip:   0.55 kB │ map:     1.51 kB
.svelte-kit/output/server/chunks/pdf-viewer3.js                                                           1.29 kB │ gzip:   0.70 kB │ map:     0.07 kB
.svelte-kit/output/server/chunks/radio-group3.js                                                          1.30 kB │ gzip:   0.71 kB │ map:     0.07 kB
.svelte-kit/output/server/chunks/button-group3.js                                                         1.30 kB │ gzip:   0.63 kB │ map:     0.07 kB
.svelte-kit/output/server/chunks/tooltip4.js                                                              1.30 kB │ gzip:   0.70 kB │ map:     0.07 kB
.svelte-kit/output/server/chunks/toggle-group3.js                                                         1.31 kB │ gzip:   0.68 kB │ map:     0.07 kB
.svelte-kit/output/server/chunks/textarea.js                                                              1.31 kB │ gzip:   0.65 kB │ map:     1.42 kB
.svelte-kit/output/server/chunks/date-time-input4.js                                                      1.31 kB │ gzip:   0.57 kB │ map:     0.95 kB
.svelte-kit/output/server/chunks/aspect-ratio3.js                                                         1.32 kB │ gzip:   0.70 kB │ map:     0.07 kB
.svelte-kit/output/server/chunks/tooltip2.js                                                              1.33 kB │ gzip:   0.40 kB │ map:     2.38 kB
.svelte-kit/output/server/chunks/hover-card3.js                                                           1.33 kB │ gzip:   0.70 kB │ map:     0.07 kB
.svelte-kit/output/server/chunks/toggle3.js                                                               1.34 kB │ gzip:   0.70 kB │ map:     1.29 kB
.svelte-kit/output/server/chunks/banner3.js                                                               1.34 kB │ gzip:   0.73 kB │ map:     0.07 kB
.svelte-kit/output/server/chunks/video-player3.js                                                         1.35 kB │ gzip:   0.71 kB │ map:     0.07 kB
.svelte-kit/output/server/chunks/native-select3.js                                                        1.37 kB │ gzip:   0.70 kB │ map:     0.07 kB
.svelte-kit/output/server/chunks/status-dot.js                                                            1.37 kB │ gzip:   0.68 kB │ map:     2.40 kB
.svelte-kit/output/server/chunks/citation2.js                                                             1.37 kB │ gzip:   0.73 kB │ map:     1.55 kB
.svelte-kit/output/server/chunks/dialog-description.js                                                    1.38 kB │ gzip:   0.65 kB │ map:     1.62 kB
.svelte-kit/output/server/chunks/icon3.js                                                                 1.38 kB │ gzip:   0.61 kB │ map:     1.49 kB
.svelte-kit/output/server/chunks/icon4.js                                                                 1.39 kB │ gzip:   0.60 kB │ map:     0.06 kB
.svelte-kit/output/server/chunks/blockquote3.js                                                           1.39 kB │ gzip:   0.73 kB │ map:     0.07 kB
.svelte-kit/output/server/chunks/citation3.js                                                             1.39 kB │ gzip:   0.73 kB │ map:     0.07 kB
.svelte-kit/output/server/chunks/calendar3.js                                                             1.40 kB │ gzip:   0.72 kB │ map:     0.07 kB
.svelte-kit/output/server/chunks/heading3.js                                                              1.40 kB │ gzip:   0.72 kB │ map:     0.07 kB
.svelte-kit/output/server/chunks/textarea4.js                                                             1.40 kB │ gzip:   0.74 kB │ map:     0.07 kB
.svelte-kit/output/server/chunks/number-input4.js                                                         1.40 kB │ gzip:   0.54 kB │ map:     0.97 kB
.svelte-kit/output/server/chunks/heading4.js                                                              1.41 kB │ gzip:   0.44 kB │ map:     0.89 kB
.svelte-kit/output/server/chunks/empty3.js                                                                1.42 kB │ gzip:   0.74 kB │ map:     0.07 kB
.svelte-kit/output/server/chunks/select3.js                                                               1.42 kB │ gzip:   0.73 kB │ map:     0.07 kB
.svelte-kit/output/server/chunks/pdf-viewer2.js                                                           1.42 kB │ gzip:   0.73 kB │ map:     1.49 kB
.svelte-kit/output/server/chunks/blockquote2.js                                                           1.42 kB │ gzip:   0.76 kB │ map:     1.45 kB
.svelte-kit/output/server/chunks/star.js                                                                  1.42 kB │ gzip:   0.63 kB │ map:     4.02 kB
.svelte-kit/output/server/chunks/chart4.js                                                                1.43 kB │ gzip:   0.66 kB │ map:     1.62 kB
.svelte-kit/output/server/chunks/blockquote.js                                                            1.44 kB │ gzip:   0.59 kB │ map:     1.56 kB
.svelte-kit/output/server/chunks/alert3.js                                                                1.44 kB │ gzip:   0.74 kB │ map:     0.07 kB
.svelte-kit/output/server/chunks/progress3.js                                                             1.45 kB │ gzip:   0.75 kB │ map:     0.07 kB
.svelte-kit/output/server/chunks/switch4.js                                                               1.45 kB │ gzip:   0.53 kB │ map:     0.79 kB
.svelte-kit/output/server/chunks/checkbox3.js                                                             1.45 kB │ gzip:   0.74 kB │ map:     0.07 kB
.svelte-kit/output/server/chunks/selectable-card.js                                                       1.46 kB │ gzip:   0.70 kB │ map:     3.27 kB
.svelte-kit/output/server/chunks/color-picker3.js                                                         1.46 kB │ gzip:   0.72 kB │ map:     0.07 kB
.svelte-kit/output/server/chunks/date-input3.js                                                           1.46 kB │ gzip:   0.76 kB │ map:     0.07 kB
.svelte-kit/output/server/chunks/spinner2.js                                                              1.46 kB │ gzip:   0.73 kB │ map:     1.56 kB
.svelte-kit/output/server/chunks/avatar4.js                                                               1.47 kB │ gzip:   0.60 kB │ map:     0.87 kB
.svelte-kit/output/server/chunks/field-status3.js                                                         1.47 kB │ gzip:   0.77 kB │ map:     0.07 kB
.svelte-kit/output/server/chunks/indicator3.js                                                            1.47 kB │ gzip:   0.76 kB │ map:     0.07 kB
.svelte-kit/output/server/chunks/token3.js                                                                1.47 kB │ gzip:   0.75 kB │ map:     0.07 kB
.svelte-kit/output/server/chunks/combobox3.js                                                             1.48 kB │ gzip:   0.78 kB │ map:     0.07 kB
.svelte-kit/output/server/chunks/video-player2.js                                                         1.48 kB │ gzip:   0.74 kB │ map:     1.62 kB
.svelte-kit/output/server/chunks/field4.js                                                                1.49 kB │ gzip:   0.48 kB │ map:     0.61 kB
.svelte-kit/output/server/chunks/thumbnail2.js                                                            1.50 kB │ gzip:   0.79 kB │ map:     1.67 kB
.svelte-kit/output/server/chunks/stepper4.js                                                              1.50 kB │ gzip:   0.53 kB │ map:     1.26 kB
.svelte-kit/output/server/chunks/math.js                                                                  1.51 kB │ gzip:   0.73 kB │ map:     3.34 kB
.svelte-kit/output/server/chunks/indicator4.js                                                            1.52 kB │ gzip:   0.46 kB │ map:     1.42 kB
.svelte-kit/output/server/chunks/resizable3.js                                                            1.52 kB │ gzip:   0.72 kB │ map:     0.07 kB
.svelte-kit/output/server/chunks/thumbnail3.js                                                            1.53 kB │ gzip:   0.79 kB │ map:     0.07 kB
.svelte-kit/output/server/chunks/input-group2.js                                                          1.53 kB │ gzip:   0.35 kB │ map:     2.89 kB
.svelte-kit/output/server/chunks/input5.js                                                                1.54 kB │ gzip:   0.76 kB │ map:     0.07 kB
.svelte-kit/output/server/chunks/input-group4.js                                                          1.54 kB │ gzip:   0.82 kB │ map:     0.07 kB
.svelte-kit/output/server/chunks/list4.js                                                                 1.56 kB │ gzip:   0.45 kB │ map:     0.72 kB
.svelte-kit/output/server/chunks/card3.js                                                                 1.56 kB │ gzip:   0.80 kB │ map:     0.06 kB
.svelte-kit/output/server/chunks/selectable-card3.js                                                      1.58 kB │ gzip:   0.78 kB │ map:     0.08 kB
.svelte-kit/output/server/chunks/clickable-card3.js                                                       1.58 kB │ gzip:   0.77 kB │ map:     0.07 kB
.svelte-kit/output/server/chunks/popover3.js                                                              1.58 kB │ gzip:   0.81 kB │ map:     0.07 kB
.svelte-kit/output/server/chunks/tooltip5.js                                                              1.58 kB │ gzip:   0.50 kB │ map:     0.70 kB
.svelte-kit/output/server/chunks/date-time-input3.js                                                      1.59 kB │ gzip:   0.82 kB │ map:     0.08 kB
.svelte-kit/output/server/chunks/link2.js                                                                 1.59 kB │ gzip:   0.67 kB │ map:     1.25 kB
.svelte-kit/output/server/chunks/time-input2.js                                                           1.61 kB │ gzip:   0.77 kB │ map:     1.34 kB
.svelte-kit/output/server/chunks/switch2.js                                                               1.61 kB │ gzip:   0.74 kB │ map:     1.23 kB
.svelte-kit/output/server/chunks/checkbox-list3.js                                                        1.61 kB │ gzip:   0.77 kB │ map:     0.07 kB
.svelte-kit/output/server/chunks/label5.js                                                                1.61 kB │ gzip:   0.74 kB │ map:     0.07 kB
.svelte-kit/output/server/chunks/tokenizer4.js                                                            1.61 kB │ gzip:   0.66 kB │ map:     1.50 kB
.svelte-kit/output/server/chunks/async-button3.js                                                         1.62 kB │ gzip:   0.82 kB │ map:     0.07 kB
.svelte-kit/output/server/chunks/button-group2.js                                                         1.62 kB │ gzip:   0.68 kB │ map:     1.47 kB
.svelte-kit/output/server/chunks/textarea3.js                                                             1.62 kB │ gzip:   0.76 kB │ map:     1.69 kB
.svelte-kit/output/server/chunks/command3.js                                                              1.63 kB │ gzip:   0.74 kB │ map:     0.07 kB
.svelte-kit/output/server/chunks/overflow-list3.js                                                        1.63 kB │ gzip:   0.84 kB │ map:     0.07 kB
.svelte-kit/output/server/chunks/color-picker4.js                                                         1.64 kB │ gzip:   0.57 kB │ map:     0.99 kB
.svelte-kit/output/server/chunks/slider2.js                                                               1.65 kB │ gzip:   0.82 kB │ map:     1.45 kB
.svelte-kit/output/server/chunks/scroll-area4.js                                                          1.65 kB │ gzip:   0.64 kB │ map:     1.22 kB
.svelte-kit/output/server/chunks/navigation-menu3.js                                                      1.66 kB │ gzip:   0.70 kB │ map:     0.08 kB
.svelte-kit/output/server/chunks/triangle-alert.js                                                        1.66 kB │ gzip:   0.54 kB │ map:     4.96 kB
.svelte-kit/output/server/chunks/calendar2.js                                                             1.66 kB │ gzip:   0.79 kB │ map:     1.76 kB
.svelte-kit/output/server/chunks/collapsible3.js                                                          1.66 kB │ gzip:   0.80 kB │ map:     0.07 kB
.svelte-kit/output/server/chunks/field3.js                                                                1.66 kB │ gzip:   0.79 kB │ map:     0.07 kB
.svelte-kit/output/server/chunks/number-input2.js                                                         1.66 kB │ gzip:   0.82 kB │ map:     1.54 kB
.svelte-kit/output/server/chunks/icon-button2.js                                                          1.67 kB │ gzip:   0.78 kB │ map:     2.14 kB
.svelte-kit/output/server/chunks/outline3.js                                                              1.67 kB │ gzip:   0.82 kB │ map:     0.07 kB
.svelte-kit/output/server/chunks/avatar3.js                                                               1.68 kB │ gzip:   0.80 kB │ map:     0.07 kB
.svelte-kit/output/server/chunks/badge3.js                                                                1.68 kB │ gzip:   0.76 kB │ map:     0.07 kB
.svelte-kit/output/server/chunks/field-status.js                                                          1.68 kB │ gzip:   0.74 kB │ map:     2.33 kB
.svelte-kit/output/server/chunks/field-status2.js                                                         1.69 kB │ gzip:   0.81 kB │ map:     1.79 kB
.svelte-kit/output/server/chunks/metadata-list3.js                                                        1.69 kB │ gzip:   0.79 kB │ map:     0.07 kB
.svelte-kit/output/server/chunks/input4.js                                                                1.69 kB │ gzip:   0.78 kB │ map:     1.83 kB
.svelte-kit/output/server/chunks/popover4.js                                                              1.70 kB │ gzip:   0.57 kB │ map:     0.90 kB
.svelte-kit/output/server/chunks/heading2.js                                                              1.70 kB │ gzip:   0.77 kB │ map:     1.54 kB
.svelte-kit/output/server/chunks/progress2.js                                                             1.70 kB │ gzip:   0.80 kB │ map:     1.72 kB
.svelte-kit/output/server/chunks/accordion3.js                                                            1.70 kB │ gzip:   0.78 kB │ map:     0.07 kB
.svelte-kit/output/server/chunks/skeleton4.js                                                             1.72 kB │ gzip:   0.78 kB │ map:     0.07 kB
.svelte-kit/output/server/chunks/breadcrumb3.js                                                           1.72 kB │ gzip:   0.71 kB │ map:     0.07 kB
.svelte-kit/output/server/chunks/indicator2.js                                                            1.72 kB │ gzip:   0.87 kB │ map:     1.93 kB
.svelte-kit/output/server/chunks/icon-button3.js                                                          1.73 kB │ gzip:   0.81 kB │ map:     0.07 kB
.svelte-kit/output/server/chunks/sheet4.js                                                                1.73 kB │ gzip:   0.84 kB │ map:     0.07 kB
.svelte-kit/output/server/chunks/lightbox3.js                                                             1.74 kB │ gzip:   0.95 kB │ map:     0.07 kB
.svelte-kit/output/server/chunks/repeat-2.js                                                              1.74 kB │ gzip:   0.61 kB │ map:     5.25 kB
.svelte-kit/output/server/chunks/context-menu3.js                                                         1.74 kB │ gzip:   0.78 kB │ map:     0.07 kB
.svelte-kit/output/server/chunks/multi-selector4.js                                                       1.74 kB │ gzip:   0.67 kB │ map:     1.63 kB
.svelte-kit/output/server/chunks/resizable4.js                                                            1.75 kB │ gzip:   0.50 kB │ map:     0.77 kB
.svelte-kit/output/server/chunks/date-range-input3.js                                                     1.75 kB │ gzip:   0.85 kB │ map:     0.08 kB
.svelte-kit/output/server/chunks/checkbox2.js                                                             1.75 kB │ gzip:   0.81 kB │ map:     1.64 kB
.svelte-kit/output/server/chunks/kbd3.js                                                                  1.75 kB │ gzip:   0.91 kB │ map:     0.06 kB
.svelte-kit/output/server/chunks/checkbox-list4.js                                                        1.76 kB │ gzip:   0.66 kB │ map:     1.07 kB
.svelte-kit/output/server/chunks/multi-selector3.js                                                       1.76 kB │ gzip:   0.85 kB │ map:     0.07 kB
.svelte-kit/output/server/chunks/lightbox2.js                                                             1.76 kB │ gzip:   0.95 kB │ map:     1.99 kB
.svelte-kit/output/server/chunks/hidden-input.js                                                          1.77 kB │ gzip:   0.85 kB │ map:     2.19 kB
.svelte-kit/output/server/chunks/file-input2.js                                                           1.77 kB │ gzip:   0.84 kB │ map:     1.58 kB
.svelte-kit/output/server/chunks/button4.js                                                               1.77 kB │ gzip:   0.87 kB │ map:     0.07 kB
.svelte-kit/output/server/chunks/sheet2.js                                                                1.80 kB │ gzip:   0.46 kB │ map:     3.36 kB
.svelte-kit/output/server/chunks/hover-card4.js                                                           1.80 kB │ gzip:   0.61 kB │ map:     0.99 kB
.svelte-kit/output/server/chunks/tokenizer3.js                                                            1.80 kB │ gzip:   0.83 kB │ map:     0.07 kB
.svelte-kit/output/server/chunks/input-otp3.js                                                            1.84 kB │ gzip:   0.92 kB │ map:     0.07 kB
.svelte-kit/output/server/chunks/date-input2.js                                                           1.84 kB │ gzip:   0.83 kB │ map:     1.68 kB
.svelte-kit/output/server/chunks/pagination3.js                                                           1.85 kB │ gzip:   0.91 kB │ map:     0.07 kB
.svelte-kit/output/server/chunks/thumbnail.js                                                             1.86 kB │ gzip:   0.87 kB │ map:     2.99 kB
.svelte-kit/output/server/chunks/table3.js                                                                1.87 kB │ gzip:   0.78 kB │ map:     0.07 kB
.svelte-kit/output/server/chunks/button-group.js                                                          1.88 kB │ gzip:   0.77 kB │ map:     2.74 kB
.svelte-kit/output/server/chunks/ThemeToggle.js                                                           1.89 kB │ gzip:   0.75 kB │ map:     4.57 kB
.svelte-kit/output/server/chunks/label4.js                                                                1.91 kB │ gzip:   0.73 kB │ map:     1.78 kB
.svelte-kit/output/server/chunks/item3.js                                                                 1.91 kB │ gzip:   0.86 kB │ map:     0.06 kB
.svelte-kit/output/server/chunks/stepper3.js                                                              1.92 kB │ gzip:   0.88 kB │ map:     0.07 kB
.svelte-kit/output/server/chunks/button5.js                                                               1.92 kB │ gzip:   0.42 kB │ map:     0.77 kB
.svelte-kit/output/server/chunks/toggle-group4.js                                                         1.93 kB │ gzip:   0.48 kB │ map:     0.81 kB
.svelte-kit/output/server/chunks/token2.js                                                                1.93 kB │ gzip:   0.88 kB │ map:     2.04 kB
.svelte-kit/output/server/chunks/dropdown-menu3.js                                                        1.94 kB │ gzip:   0.87 kB │ map:     0.07 kB
.svelte-kit/output/server/chunks/chat3.js                                                                 1.94 kB │ gzip:   0.92 kB │ map:     0.06 kB
.svelte-kit/output/server/chunks/native-select4.js                                                        1.95 kB │ gzip:   0.49 kB │ map:     0.84 kB
.svelte-kit/output/server/chunks/index-server2.js                                                         1.95 kB │ gzip:   0.75 kB │ map:     2.77 kB
.svelte-kit/output/server/chunks/date-time-input2.js                                                      1.96 kB │ gzip:   0.89 kB │ map:     1.81 kB
.svelte-kit/output/server/chunks/clickable-card.js                                                        1.96 kB │ gzip:   0.83 kB │ map:     4.08 kB
.svelte-kit/output/server/chunks/color-picker2.js                                                         1.96 kB │ gzip:   0.89 kB │ map:     1.72 kB
.svelte-kit/output/server/chunks/badge2.js                                                                1.98 kB │ gzip:   0.80 kB │ map:     2.01 kB
.svelte-kit/output/server/chunks/carousel3.js                                                             1.99 kB │ gzip:   0.93 kB │ map:     0.07 kB
.svelte-kit/output/server/chunks/collapsible4.js                                                          1.99 kB │ gzip:   0.68 kB │ map:     1.22 kB
.svelte-kit/output/server/chunks/button3.js                                                               2.00 kB │ gzip:   0.85 kB │ map:     2.12 kB
.svelte-kit/output/server/chunks/menubar3.js                                                              2.00 kB │ gzip:   0.87 kB │ map:     0.07 kB
.svelte-kit/output/server/chunks/text3.js                                                                 2.00 kB │ gzip:   0.51 kB │ map:     1.02 kB
.svelte-kit/output/server/chunks/link.js                                                                  2.01 kB │ gzip:   0.96 kB │ map:     2.90 kB
.svelte-kit/output/server/chunks/templates.js                                                             2.01 kB │ gzip:   0.67 kB │ map:     3.25 kB
.svelte-kit/output/server/chunks/outline4.js                                                              2.04 kB │ gzip:   0.59 kB │ map:     1.52 kB
.svelte-kit/output/server/chunks/overflow-list2.js                                                        2.04 kB │ gzip:   0.91 kB │ map:     2.05 kB
.svelte-kit/output/server/chunks/text.js                                                                  2.05 kB │ gzip:   0.68 kB │ map:     1.23 kB
.svelte-kit/output/server/chunks/combobox2.js                                                             2.10 kB │ gzip:   0.95 kB │ map:     1.89 kB
.svelte-kit/output/server/chunks/chart3.js                                                                2.11 kB │ gzip:   0.97 kB │ map:     0.07 kB
.svelte-kit/output/server/chunks/kbd.js                                                                   2.12 kB │ gzip:   0.65 kB │ map:     3.08 kB
.svelte-kit/output/server/chunks/timestamp.js                                                             2.12 kB │ gzip:   0.86 kB │ map:     4.07 kB
.svelte-kit/output/server/chunks/async-button2.js                                                         2.14 kB │ gzip:   0.96 kB │ map:     2.01 kB
.svelte-kit/output/server/chunks/data-table3.js                                                           2.14 kB │ gzip:   1.02 kB │ map:     0.07 kB
.svelte-kit/output/server/chunks/alert-dialog3.js                                                         2.14 kB │ gzip:   0.93 kB │ map:     0.07 kB
.svelte-kit/output/server/chunks/kbd2.js                                                                  2.14 kB │ gzip:   0.81 kB │ map:     1.96 kB
.svelte-kit/output/server/chunks/types.js                                                                 2.19 kB │ gzip:   1.00 kB │ map:     4.25 kB
.svelte-kit/output/server/chunks/citation.js                                                              2.19 kB │ gzip:   0.87 kB │ map:     2.48 kB
.svelte-kit/output/server/chunks/metadata-list4.js                                                        2.20 kB │ gzip:   0.63 kB │ map:     1.42 kB
.svelte-kit/output/server/chunks/badge.js                                                                 2.20 kB │ gzip:   0.94 kB │ map:     3.10 kB
.svelte-kit/output/server/chunks/layout-dashboard.js                                                      2.21 kB │ gzip:   0.67 kB │ map:     6.18 kB
.svelte-kit/output/server/chunks/form2.js                                                                 2.22 kB │ gzip:   1.05 kB │ map:     0.06 kB
.svelte-kit/output/server/chunks/data-table2.js                                                           2.23 kB │ gzip:   1.00 kB │ map:     2.94 kB
.svelte-kit/output/server/chunks/date-range-input2.js                                                     2.24 kB │ gzip:   0.98 kB │ map:     2.24 kB
.svelte-kit/output/server/chunks/list2.js                                                                 2.24 kB │ gzip:   0.69 kB │ map:     1.39 kB
.svelte-kit/output/server/chunks/tokenizer2.js                                                            2.24 kB │ gzip:   0.94 kB │ map:     2.27 kB
.svelte-kit/output/server/chunks/radio-group2.js                                                          2.25 kB │ gzip:   0.91 kB │ map:     1.76 kB
.svelte-kit/output/server/entries/pages/docs/installation/_page.svelte.js                                 2.27 kB │ gzip:   1.00 kB │ map:     2.41 kB
.svelte-kit/output/server/chunks/hover-card2.js                                                           2.28 kB │ gzip:   0.86 kB │ map:     1.57 kB
.svelte-kit/output/server/chunks/selector3.js                                                             2.29 kB │ gzip:   1.05 kB │ map:     0.07 kB
.svelte-kit/output/server/chunks/carousel4.js                                                             2.30 kB │ gzip:   0.66 kB │ map:     0.87 kB
.svelte-kit/output/server/chunks/tooltip3.js                                                              2.30 kB │ gzip:   0.88 kB │ map:     1.60 kB
.svelte-kit/output/server/chunks/banner2.js                                                               2.32 kB │ gzip:   0.85 kB │ map:     1.57 kB
.svelte-kit/output/server/chunks/input.js                                                                 2.32 kB │ gzip:   0.72 kB │ map:     2.76 kB
.svelte-kit/output/server/chunks/multi-selector2.js                                                       2.32 kB │ gzip:   1.03 kB │ map:     2.36 kB
.svelte-kit/output/server/chunks/list.js                                                                  2.33 kB │ gzip:   0.89 kB │ map:     2.93 kB
.svelte-kit/output/server/chunks/checkbox-list2.js                                                        2.35 kB │ gzip:   0.94 kB │ map:     1.92 kB
.svelte-kit/output/server/chunks/dialog2.js                                                               2.36 kB │ gzip:   0.51 kB │ map:     4.46 kB
.svelte-kit/output/server/chunks/drawer3.js                                                               2.39 kB │ gzip:   1.02 kB │ map:     0.07 kB
.svelte-kit/output/server/chunks/alert2.js                                                                2.40 kB │ gzip:   0.87 kB │ map:     1.76 kB
.svelte-kit/output/server/chunks/dialog4.js                                                               2.41 kB │ gzip:   1.04 kB │ map:     0.07 kB
.svelte-kit/output/server/chunks/outline2.js                                                              2.43 kB │ gzip:   0.86 kB │ map:     2.05 kB
.svelte-kit/output/server/chunks/radio-group4.js                                                          2.45 kB │ gzip:   0.57 kB │ map:     1.18 kB
.svelte-kit/output/server/chunks/chart2.js                                                                2.45 kB │ gzip:   1.09 kB │ map:     2.67 kB
.svelte-kit/output/server/chunks/toggle-group2.js                                                         2.46 kB │ gzip:   0.90 kB │ map:     1.76 kB
.svelte-kit/output/server/chunks/resizable2.js                                                            2.46 kB │ gzip:   0.85 kB │ map:     1.69 kB
.svelte-kit/output/server/entries/pages/demo/contrast/_page.svelte.js                                     2.49 kB │ gzip:   0.98 kB │ map:     2.15 kB
.svelte-kit/output/server/chunks/skeleton3.js                                                             2.52 kB │ gzip:   0.97 kB │ map:     2.32 kB
.svelte-kit/output/server/chunks/stepper2.js                                                              2.52 kB │ gzip:   0.95 kB │ map:     2.43 kB
.svelte-kit/output/server/entries/pages/templates/_layout.svelte.js                                       2.55 kB │ gzip:   1.10 kB │ map:     3.40 kB
.svelte-kit/output/server/chunks/native-select2.js                                                        2.55 kB │ gzip:   0.82 kB │ map:     1.61 kB
.svelte-kit/output/server/chunks/collapsible2.js                                                          2.57 kB │ gzip:   0.96 kB │ map:     2.02 kB
.svelte-kit/output/server/chunks/menu-separator.js                                                        2.59 kB │ gzip:   0.78 kB │ map:     3.37 kB
.svelte-kit/output/server/chunks/avatar2.js                                                               2.62 kB │ gzip:   0.99 kB │ map:     2.29 kB
.svelte-kit/output/server/entries/pages/demo/motion-test/_page.svelte.js                                  2.63 kB │ gzip:   0.97 kB │ map:     3.86 kB
.svelte-kit/output/server/chunks/input-otp4.js                                                            2.64 kB │ gzip:   0.62 kB │ map:     1.07 kB
.svelte-kit/output/server/chunks/presence-layer.js                                                        2.67 kB │ gzip:   0.94 kB │ map:     4.32 kB
.svelte-kit/output/server/chunks/selector4.js                                                             2.68 kB │ gzip:   1.00 kB │ map:     2.50 kB
.svelte-kit/output/server/chunks/sidebar3.js                                                              2.69 kB │ gzip:   0.92 kB │ map:     0.07 kB
.svelte-kit/output/server/chunks/input-group5.js                                                          2.71 kB │ gzip:   0.58 kB │ map:     0.87 kB
.svelte-kit/output/server/chunks/metadata-list2.js                                                        2.72 kB │ gzip:   0.90 kB │ map:     1.99 kB
.svelte-kit/output/server/chunks/empty4.js                                                                2.77 kB │ gzip:   0.60 kB │ map:     0.85 kB
.svelte-kit/output/server/chunks/input-group3.js                                                          2.77 kB │ gzip:   1.04 kB │ map:     1.99 kB
.svelte-kit/output/server/chunks/banner.js                                                                2.79 kB │ gzip:   0.94 kB │ map:     4.05 kB
.svelte-kit/output/server/chunks/sheet5.js                                                                2.80 kB │ gzip:   0.64 kB │ map:     0.87 kB
.svelte-kit/output/server/chunks/select4.js                                                               2.82 kB │ gzip:   0.84 kB │ map:     1.27 kB
.svelte-kit/output/server/chunks/banner4.js                                                               2.88 kB │ gzip:   0.51 kB │ map:     0.89 kB
.svelte-kit/output/server/chunks/aspect-ratio2.js                                                         2.92 kB │ gzip:   0.88 kB │ map:     1.47 kB
.svelte-kit/output/server/chunks/clickable-card4.js                                                       2.93 kB │ gzip:   0.73 kB │ map:     1.17 kB
.svelte-kit/output/server/chunks/SiteHeader.js                                                            2.93 kB │ gzip:   1.27 kB │ map:     3.54 kB
.svelte-kit/output/server/chunks/context-menu4.js                                                         3.00 kB │ gzip:   0.58 kB │ map:     0.86 kB
.svelte-kit/output/server/chunks/progressive-blur4.js                                                     3.01 kB │ gzip:   1.11 kB │ map:     3.23 kB
.svelte-kit/output/server/chunks/outline.js                                                               3.02 kB │ gzip:   1.47 kB │ map:     9.37 kB
.svelte-kit/output/server/chunks/progressive-blur.js                                                      3.03 kB │ gzip:   1.21 kB │ map:     6.68 kB
.svelte-kit/output/server/chunks/card4.js                                                                 3.03 kB │ gzip:   0.68 kB │ map:     0.93 kB
.svelte-kit/output/server/chunks/icon-button.js                                                           3.05 kB │ gzip:   0.88 kB │ map:     2.75 kB
.svelte-kit/output/server/chunks/selectable-card4.js                                                      3.09 kB │ gzip:   0.98 kB │ map:     1.83 kB
.svelte-kit/output/server/chunks/native-select.js                                                         3.11 kB │ gzip:   1.02 kB │ map:     4.10 kB
.svelte-kit/output/server/chunks/selector2.js                                                             3.20 kB │ gzip:   1.23 kB │ map:     3.23 kB
.svelte-kit/output/server/chunks/alert4.js                                                                3.23 kB │ gzip:   0.80 kB │ map:     2.72 kB
.svelte-kit/output/server/chunks/alert.js                                                                 3.26 kB │ gzip:   0.91 kB │ map:     5.07 kB
.svelte-kit/output/server/chunks/clickable-card2.js                                                       3.30 kB │ gzip:   0.95 kB │ map:     1.94 kB
.svelte-kit/output/server/chunks/indicator.js                                                             3.31 kB │ gzip:   0.87 kB │ map:     5.36 kB
.svelte-kit/output/server/entries/endpoints/docs/skills/bedrock-ui.md/_server.ts.js                       3.33 kB │ gzip:   1.65 kB │ map:     0.60 kB
.svelte-kit/output/server/chunks/Benchmark.js                                                             3.35 kB │ gzip:   0.95 kB │ map:     6.76 kB
.svelte-kit/output/server/chunks/empty2.js                                                                3.35 kB │ gzip:   0.96 kB │ map:     1.69 kB
.svelte-kit/output/server/chunks/Icon.js                                                                  3.35 kB │ gzip:   1.21 kB │ map:     4.28 kB
.svelte-kit/output/server/chunks/power-search3.js                                                         3.35 kB │ gzip:   1.30 kB │ map:     0.07 kB
.svelte-kit/output/server/chunks/selectable-card2.js                                                      3.38 kB │ gzip:   1.11 kB │ map:     2.24 kB
.svelte-kit/output/server/chunks/field2.js                                                                3.42 kB │ gzip:   0.88 kB │ map:     1.93 kB
.svelte-kit/output/server/chunks/label.js                                                                 3.43 kB │ gzip:   1.28 kB │ map:     3.84 kB
.svelte-kit/output/server/chunks/popover2.js                                                              3.44 kB │ gzip:   1.20 kB │ map:     2.07 kB
.svelte-kit/output/server/chunks/context-menu2.js                                                         3.52 kB │ gzip:   0.97 kB │ map:     2.06 kB
.svelte-kit/output/server/chunks/select2.js                                                               3.54 kB │ gzip:   1.13 kB │ map:     1.98 kB
.svelte-kit/output/server/chunks/card2.js                                                                 3.54 kB │ gzip:   1.00 kB │ map:     1.94 kB
.svelte-kit/output/server/chunks/aspect-ratio.js                                                          3.61 kB │ gzip:   1.26 kB │ map:     4.25 kB
.svelte-kit/output/server/chunks/separator.js                                                             3.68 kB │ gzip:   1.29 kB │ map:     4.29 kB
.svelte-kit/output/server/chunks/dropdown-menu4.js                                                        3.69 kB │ gzip:   0.66 kB │ map:     1.09 kB
.svelte-kit/output/server/chunks/checkbox-list.js                                                         3.71 kB │ gzip:   1.24 kB │ map:     5.81 kB
.svelte-kit/output/server/chunks/progressive-blur3.js                                                     3.74 kB │ gzip:   1.48 kB │ map:     0.08 kB
.svelte-kit/output/server/chunks/carousel2.js                                                             3.74 kB │ gzip:   1.20 kB │ map:     2.66 kB
.svelte-kit/output/server/chunks/chat4.js                                                                 3.74 kB │ gzip:   0.94 kB │ map:     1.92 kB
.svelte-kit/output/server/chunks/power-search4.js                                                         3.76 kB │ gzip:   1.32 kB │ map:     4.43 kB
.svelte-kit/output/server/chunks/drawer4.js                                                               3.83 kB │ gzip:   0.72 kB │ map:     1.22 kB
.svelte-kit/output/server/chunks/menu.js                                                                  3.85 kB │ gzip:   1.30 kB │ map:     6.03 kB
.svelte-kit/output/server/chunks/input-otp2.js                                                            3.98 kB │ gzip:   1.16 kB │ map:     2.52 kB
.svelte-kit/output/server/chunks/async-button.js                                                          3.98 kB │ gzip:   1.42 kB │ map:     6.86 kB
.svelte-kit/output/server/chunks/overflow-list.js                                                         3.98 kB │ gzip:   1.27 kB │ map:     5.74 kB
.svelte-kit/output/server/chunks/token.js                                                                 3.99 kB │ gzip:   1.37 kB │ map:     5.77 kB
.svelte-kit/output/server/chunks/stepped-form3.js                                                         4.04 kB │ gzip:   1.33 kB │ map:     0.07 kB
.svelte-kit/output/server/chunks/tabs4.js                                                                 4.04 kB │ gzip:   0.76 kB │ map:     1.14 kB
.svelte-kit/output/server/chunks/button.js                                                                4.10 kB │ gzip:   1.33 kB │ map:     5.46 kB
.svelte-kit/output/server/chunks/power-search2.js                                                         4.11 kB │ gzip:   1.49 kB │ map:     4.87 kB
.svelte-kit/output/server/chunks/sheet3.js                                                                4.13 kB │ gzip:   1.08 kB │ map:     2.20 kB
.svelte-kit/output/server/chunks/data-toolbar.js                                                          4.13 kB │ gzip:   1.45 kB │ map:     4.38 kB
.svelte-kit/output/server/chunks/pagination4.js                                                           4.14 kB │ gzip:   0.78 kB │ map:     1.34 kB
.svelte-kit/output/server/chunks/breadcrumb4.js                                                           4.17 kB │ gzip:   0.57 kB │ map:     0.98 kB
.svelte-kit/output/server/chunks/dialog5.js                                                               4.19 kB │ gzip:   0.80 kB │ map:     1.31 kB
.svelte-kit/output/server/chunks/dist3.js                                                                 4.21 kB │ gzip:   1.34 kB │ map:     9.79 kB
.svelte-kit/output/server/chunks/navigation-menu4.js                                                      4.25 kB │ gzip:   0.64 kB │ map:     1.09 kB
.svelte-kit/output/server/chunks/chat2.js                                                                 4.33 kB │ gzip:   1.20 kB │ map:     2.58 kB
.svelte-kit/output/server/chunks/tabs2.js                                                                 4.36 kB │ gzip:   0.93 kB │ map:     1.49 kB
.svelte-kit/output/server/chunks/HighlightedCode.js                                                       4.42 kB │ gzip:   1.55 kB │ map:     5.33 kB
.svelte-kit/output/server/chunks/metadata-list.js                                                         4.42 kB │ gzip:   1.54 kB │ map:     7.98 kB
.svelte-kit/output/server/chunks/command4.js                                                              4.47 kB │ gzip:   0.71 kB │ map:     0.96 kB
.svelte-kit/output/server/chunks/progress.js                                                              4.50 kB │ gzip:   1.54 kB │ map:     5.77 kB
.svelte-kit/output/server/chunks/field.js                                                                 4.56 kB │ gzip:   1.30 kB │ map:     5.94 kB
.svelte-kit/output/server/chunks/heading.js                                                               4.57 kB │ gzip:   1.38 kB │ map:     8.60 kB
.svelte-kit/output/server/chunks/dropdown-menu2.js                                                        4.57 kB │ gzip:   1.10 kB │ map:     2.52 kB
.svelte-kit/output/server/entries/pages/docs/changelog/_page.svelte.js                                    4.59 kB │ gzip:   1.37 kB │ map:     3.00 kB
.svelte-kit/output/server/chunks/alert-dialog4.js                                                         4.67 kB │ gzip:   0.86 kB │ map:     1.56 kB
.svelte-kit/output/server/chunks/progressive-blur2.js                                                     4.70 kB │ gzip:   1.63 kB │ map:     5.06 kB
.svelte-kit/output/server/chunks/command2.js                                                              4.76 kB │ gzip:   0.99 kB │ map:     1.96 kB
.svelte-kit/output/server/chunks/stepped-form4.js                                                         4.76 kB │ gzip:   0.72 kB │ map:     1.36 kB
.svelte-kit/output/server/chunks/accordion2.js                                                            4.77 kB │ gzip:   0.96 kB │ map:     1.92 kB
.svelte-kit/output/server/entries/pages/docs/templates/_page.svelte.js                                    4.79 kB │ gzip:   1.95 kB │ map:     5.34 kB
.svelte-kit/output/server/chunks/navigation-menu2.js                                                      4.90 kB │ gzip:   0.95 kB │ map:     1.88 kB
.svelte-kit/output/server/chunks/accordion4.js                                                            4.91 kB │ gzip:   0.84 kB │ map:     1.42 kB
.svelte-kit/output/server/chunks/breadcrumb2.js                                                           4.92 kB │ gzip:   0.94 kB │ map:     2.09 kB
.svelte-kit/output/server/chunks/scroll-area3.js                                                          4.93 kB │ gzip:   1.82 kB │ map:     0.07 kB
.svelte-kit/output/server/chunks/band.js                                                                  4.95 kB │ gzip:   1.43 kB │ map:     9.80 kB
.svelte-kit/output/server/chunks/card.js                                                                  5.27 kB │ gzip:   0.95 kB │ map:     8.17 kB
.svelte-kit/output/server/chunks/table4.js                                                                5.30 kB │ gzip:   0.62 kB │ map:     1.02 kB
.svelte-kit/output/server/chunks/file-input.js                                                            5.31 kB │ gzip:   2.12 kB │ map:    10.02 kB
.svelte-kit/output/server/chunks/empty.js                                                                 5.33 kB │ gzip:   0.99 kB │ map:     8.63 kB
.svelte-kit/output/server/chunks/blocks.js                                                                5.39 kB │ gzip:   1.78 kB │ map:     8.21 kB
.svelte-kit/output/server/chunks/dialog3.js                                                               5.41 kB │ gzip:   1.33 kB │ map:     3.29 kB
.svelte-kit/output/server/chunks/pagination2.js                                                           5.48 kB │ gzip:   1.32 kB │ map:     2.69 kB
.svelte-kit/output/server/chunks/alert-dialog2.js                                                         5.50 kB │ gzip:   1.23 kB │ map:     2.73 kB
.svelte-kit/output/server/chunks/table.js                                                                 5.50 kB │ gzip:   0.89 kB │ map:     8.76 kB
.svelte-kit/output/server/chunks/breadcrumb.js                                                            5.51 kB │ gzip:   0.96 kB │ map:     8.53 kB
.svelte-kit/output/server/chunks/motion.js                                                                5.57 kB │ gzip:   2.08 kB │ map:    21.50 kB
.svelte-kit/output/server/chunks/toggle.js                                                                5.63 kB │ gzip:   1.93 kB │ map:     7.07 kB
.svelte-kit/output/server/chunks/settings-section.js                                                      5.74 kB │ gzip:   1.49 kB │ map:     3.94 kB
.svelte-kit/output/server/chunks/dialog-content.js                                                        5.77 kB │ gzip:   1.42 kB │ map:     7.56 kB
.svelte-kit/output/server/chunks/code-block.js                                                            5.78 kB │ gzip:   2.06 kB │ map:    10.20 kB
.svelte-kit/output/server/chunks/menubar4.js                                                              5.79 kB │ gzip:   0.68 kB │ map:     1.07 kB
.svelte-kit/output/server/entries/pages/demo/motion/_layout.svelte.js                                     5.92 kB │ gzip:   1.82 kB │ map:    13.02 kB
.svelte-kit/output/server/chunks/motion.svelte.js                                                         6.03 kB │ gzip:   2.05 kB │ map:    12.58 kB
.svelte-kit/output/server/chunks/rect.svelte.js                                                           6.04 kB │ gzip:   1.70 kB │ map:    13.30 kB
.svelte-kit/output/server/chunks/date-input.js                                                            6.05 kB │ gzip:   1.76 kB │ map:     5.34 kB
.svelte-kit/output/server/entries/pages/demo/motion/_page.svelte.js                                       6.15 kB │ gzip:   2.18 kB │ map:    11.16 kB
.svelte-kit/output/server/chunks/drawer2.js                                                               6.15 kB │ gzip:   1.48 kB │ map:     3.26 kB
.svelte-kit/output/server/chunks/item4.js                                                                 6.17 kB │ gzip:   0.77 kB │ map:     1.38 kB
.svelte-kit/output/server/chunks/date-time-input.js                                                       6.19 kB │ gzip:   1.82 kB │ map:     5.51 kB
.svelte-kit/output/server/chunks/scroll-area2.js                                                          6.64 kB │ gzip:   2.05 kB │ map:     6.61 kB
.svelte-kit/output/server/chunks/menubar2.js                                                              6.64 kB │ gzip:   1.18 kB │ map:     2.55 kB
.svelte-kit/output/server/chunks/input-group.js                                                           6.67 kB │ gzip:   1.71 kB │ map:     7.67 kB
.svelte-kit/output/server/entries/pages/docs/blocks/_page.svelte.js                                       6.78 kB │ gzip:   1.72 kB │ map:     4.15 kB
.svelte-kit/output/server/chunks/item2.js                                                                 7.06 kB │ gzip:   1.18 kB │ map:     2.35 kB
.svelte-kit/output/server/entries/pages/docs/_page.svelte.js                                              7.13 kB │ gzip:   2.13 kB │ map:     5.31 kB
.svelte-kit/output/server/chunks/toast-state.svelte.js                                                    7.41 kB │ gzip:   2.07 kB │ map:    17.14 kB
.svelte-kit/output/server/chunks/authentication-panel.js                                                  7.45 kB │ gzip:   1.58 kB │ map:     4.58 kB
.svelte-kit/output/server/entries/pages/docs/skills/_page.svelte.js                                       7.51 kB │ gzip:   1.70 kB │ map:     4.00 kB
.svelte-kit/output/server/chunks/stepper.js                                                               7.76 kB │ gzip:   2.21 kB │ map:    12.56 kB
.svelte-kit/output/server/chunks/carousel.js                                                              8.18 kB │ gzip:   1.81 kB │ map:    13.74 kB
.svelte-kit/output/server/chunks/date-picker-trigger.js                                                   8.30 kB │ gzip:   2.37 kB │ map:    11.65 kB
.svelte-kit/output/server/entries/pages/docs/theming/_page.svelte.js                                      8.34 kB │ gzip:   1.66 kB │ map:     4.05 kB
.svelte-kit/output/server/chunks/item.js                                                                  8.43 kB │ gzip:   1.72 kB │ map:    13.05 kB
.svelte-kit/output/server/chunks/Points.html.js                                                           8.47 kB │ gzip:   2.44 kB │ map:    13.59 kB
.svelte-kit/output/server/chunks/popover.js                                                               8.49 kB │ gzip:   1.69 kB │ map:     9.97 kB
.svelte-kit/output/server/chunks/sidebar4.js                                                              8.53 kB │ gzip:   1.06 kB │ map:     2.19 kB
.svelte-kit/output/server/chunks/video-player.js                                                          8.57 kB │ gzip:   2.97 kB │ map:    22.46 kB
.svelte-kit/output/server/chunks/table2.js                                                                8.66 kB │ gzip:   1.06 kB │ map:     2.41 kB
.svelte-kit/output/server/chunks/tokenizer.js                                                             8.86 kB │ gzip:   2.82 kB │ map:    15.60 kB
.svelte-kit/output/server/entries/pages/demo/ui-page-transitions/_page.svelte.js                          8.95 kB │ gzip:   3.04 kB │ map:    31.71 kB
.svelte-kit/output/server/chunks/lightbox.js                                                              9.12 kB │ gzip:   2.27 kB │ map:     9.05 kB
.svelte-kit/output/server/chunks/sidebar2.js                                                              9.41 kB │ gzip:   1.33 kB │ map:     3.50 kB
.svelte-kit/output/server/chunks/scales.svelte.js                                                         9.48 kB │ gzip:   3.21 kB │ map:    22.20 kB
.svelte-kit/output/server/chunks/arrays.js                                                                9.49 kB │ gzip:   2.79 kB │ map:    15.84 kB
.svelte-kit/output/server/chunks/presence-manager.svelte.js                                              10.24 kB │ gzip:   2.77 kB │ map:    19.37 kB
.svelte-kit/output/server/chunks/sheet.js                                                                10.29 kB │ gzip:   1.75 kB │ map:     7.26 kB
.svelte-kit/output/server/chunks/esm.js                                                                  10.33 kB │ gzip:   3.53 kB │ map:    25.22 kB
.svelte-kit/output/server/chunks/number-input.js                                                         10.39 kB │ gzip:   2.55 kB │ map:    13.26 kB
.svelte-kit/output/server/entries/pages/docs/blocks/_slug_/_page.svelte.js                               10.44 kB │ gzip:   2.30 kB │ map:     7.81 kB
.svelte-kit/output/server/chunks/switch.js                                                               10.82 kB │ gzip:   2.55 kB │ map:    12.78 kB
.svelte-kit/output/server/chunks/motion2.js                                                              11.03 kB │ gzip:   3.23 kB │ map:    30.64 kB
.svelte-kit/output/server/entries/pages/demo/motion/foundations/_page.svelte.js                          11.50 kB │ gzip:   3.35 kB │ map:    16.75 kB
.svelte-kit/output/server/chunks/color-picker.js                                                         11.73 kB │ gzip:   3.78 kB │ map:    23.28 kB
.svelte-kit/output/server/chunks/stepped-form2.js                                                        11.82 kB │ gzip:   1.74 kB │ map:     5.37 kB
.svelte-kit/output/server/chunks/dist2.js                                                                11.90 kB │ gzip:   3.57 kB │ map:    24.87 kB
.svelte-kit/output/server/chunks/dialog.js                                                               12.25 kB │ gzip:   1.91 kB │ map:     8.43 kB
.svelte-kit/output/server/entries/pages/docs/components/_page.svelte.js                                  12.34 kB │ gzip:   3.33 kB │ map:    27.04 kB
.svelte-kit/output/server/chunks/checkbox.js                                                             12.63 kB │ gzip:   3.11 kB │ map:    18.82 kB
.svelte-kit/output/server/chunks/toggle-group.js                                                         13.17 kB │ gzip:   3.01 kB │ map:    19.49 kB
.svelte-kit/output/server/chunks/path.js                                                                 13.20 kB │ gzip:   3.35 kB │ map:    25.81 kB
.svelte-kit/output/server/entries/endpoints/docs/components/_slug_/source.json/_server.ts.js             13.38 kB │ gzip:   1.46 kB │ map:     6.07 kB
.svelte-kit/output/server/entries/pages/docs/forms/_page.svelte.js                                       13.52 kB │ gzip:   4.71 kB │ map:    14.45 kB
.svelte-kit/output/server/chunks/Bar.js                                                                  13.72 kB │ gzip:   3.11 kB │ map:    19.66 kB
.svelte-kit/output/server/chunks/radio-group.js                                                          13.82 kB │ gzip:   3.19 kB │ map:    19.98 kB
.svelte-kit/output/server/chunks/collapsible.js                                                          14.00 kB │ gzip:   2.71 kB │ map:    20.38 kB
.svelte-kit/output/server/chunks/registry.js                                                             14.01 kB │ gzip:   3.65 kB │ map:    21.62 kB
.svelte-kit/output/server/chunks/dialog-trigger.js                                                       14.70 kB │ gzip:   2.60 kB │ map:    23.96 kB
.svelte-kit/output/server/chunks/multi-selector.js                                                       14.76 kB │ gzip:   3.26 kB │ map:    13.56 kB
.svelte-kit/output/server/chunks/Legend.js                                                               15.13 kB │ gzip:   4.20 kB │ map:    36.54 kB
.svelte-kit/output/server/chunks/popover-trigger.js                                                      15.24 kB │ gzip:   3.34 kB │ map:    27.99 kB
.svelte-kit/output/server/chunks/selector.js                                                             15.55 kB │ gzip:   3.29 kB │ map:    15.89 kB
.svelte-kit/output/server/chunks/context-menu.js                                                         15.61 kB │ gzip:   2.91 kB │ map:    18.45 kB
.svelte-kit/output/server/chunks/stepped-form.js                                                         16.32 kB │ gzip:   3.72 kB │ map:    30.68 kB
.svelte-kit/output/server/chunks/avatar.js                                                               16.34 kB │ gzip:   3.25 kB │ map:    24.18 kB
.svelte-kit/output/server/chunks/markdown.js                                                             17.10 kB │ gzip:   4.67 kB │ map:    23.15 kB
.svelte-kit/output/server/chunks/uneval.js                                                               17.28 kB │ gzip:   4.79 kB │ map:    35.71 kB
.svelte-kit/output/server/entries/pages/demo/chat/_page.svelte.js                                        18.02 kB │ gzip:   3.49 kB │ map:     9.90 kB
.svelte-kit/output/server/chunks/dropdown-menu.js                                                        18.24 kB │ gzip:   3.19 kB │ map:    20.26 kB
.svelte-kit/output/server/chunks/Labels.js                                                               18.32 kB │ gzip:   4.52 kB │ map:    31.63 kB
.svelte-kit/output/server/entries/pages/demo/motion/accessibility/_page.svelte.js                        18.58 kB │ gzip:   5.34 kB │ map:    25.64 kB
.svelte-kit/output/server/entries/pages/_page.svelte.js                                                  18.99 kB │ gzip:   4.50 kB │ map:    22.19 kB
.svelte-kit/output/server/chunks/icon2.js                                                                19.35 kB │ gzip:   3.29 kB │ map:    60.54 kB
.svelte-kit/output/server/chunks/tabs.js                                                                 20.44 kB │ gzip:   3.76 kB │ map:    28.87 kB
.svelte-kit/output/server/chunks/hover-card.js                                                           20.67 kB │ gzip:   4.16 kB │ map:    28.18 kB
.svelte-kit/output/server/chunks/server2.js                                                              20.72 kB │ gzip:   5.64 kB │ map:    45.18 kB
.svelte-kit/output/server/chunks/alert-dialog.js                                                         21.49 kB │ gzip:   3.12 kB │ map:    24.37 kB
.svelte-kit/output/server/chunks/dist.js                                                                 22.06 kB │ gzip:   5.51 kB │ map:    47.89 kB
.svelte-kit/output/server/chunks/input-otp.js                                                            22.48 kB │ gzip:   5.60 kB │ map:    40.91 kB
.svelte-kit/output/server/chunks/date-range-input.js                                                     23.46 kB │ gzip:   5.30 kB │ map:    32.47 kB
.svelte-kit/output/server/chunks/pagination.js                                                           23.47 kB │ gzip:   4.08 kB │ map:    32.73 kB
.svelte-kit/output/server/entries/pages/demo/motion/concurrency/_page.svelte.js                          23.77 kB │ gzip:   5.79 kB │ map:    26.74 kB
.svelte-kit/output/server/chunks/accordion.js                                                            24.01 kB │ gzip:   4.24 kB │ map:    32.95 kB
.svelte-kit/output/server/entries/pages/demo/motion/continuity/_page.svelte.js                           25.21 kB │ gzip:   6.04 kB │ map:    26.90 kB
.svelte-kit/output/server/chunks/power-search.js                                                         26.23 kB │ gzip:   6.41 kB │ map:    35.69 kB
.svelte-kit/output/server/chunks/Link.canvas.js                                                          26.53 kB │ gzip:   6.48 kB │ map:    50.42 kB
.svelte-kit/output/server/chunks/DefaultTooltip.js                                                       27.82 kB │ gzip:   6.02 kB │ map:    56.17 kB
.svelte-kit/output/server/entries/pages/demo/ui/_page.svelte.js                                          28.00 kB │ gzip:   6.51 kB │ map:    44.40 kB
.svelte-kit/output/server/chunks/sidebar.js                                                              28.09 kB │ gzip:   5.02 kB │ map:    37.20 kB
.svelte-kit/output/server/entries/pages/docs/_layout.svelte.js                                           28.53 kB │ gzip:   3.37 kB │ map:    14.01 kB
.svelte-kit/output/server/chunks/key.svelte.js                                                           28.97 kB │ gzip:   8.85 kB │ map:    64.82 kB
.svelte-kit/output/server/entries/pages/demo/erp/_page.svelte.js                                         29.32 kB │ gzip:   6.70 kB │ map:    25.53 kB
.svelte-kit/output/server/chunks/chat.js                                                                 29.88 kB │ gzip:   6.57 kB │ map:    46.02 kB
.svelte-kit/output/server/chunks/menubar.js                                                              31.72 kB │ gzip:   5.99 kB │ map:    44.04 kB
.svelte-kit/output/server/entries/pages/templates/music-player/_page.svelte.js                           35.04 kB │ gzip:   7.88 kB │ map:    79.35 kB
.svelte-kit/output/server/chunks/slider.js                                                               35.82 kB │ gzip:   7.05 kB │ map:    67.49 kB
.svelte-kit/output/server/chunks/linear.js                                                               36.29 kB │ gzip:  10.26 kB │ map:    77.21 kB
.svelte-kit/output/server/chunks/create-id.js                                                            37.69 kB │ gzip:   9.85 kB │ map:   132.63 kB
.svelte-kit/output/server/chunks/ChartAnnotations.js                                                     38.42 kB │ gzip:   6.87 kB │ map:    64.80 kB
.svelte-kit/output/server/chunks/time-input.js                                                           38.60 kB │ gzip:   8.53 kB │ map:    68.80 kB
.svelte-kit/output/server/chunks/date-picker-content.js                                                  38.74 kB │ gzip:   8.11 kB │ map:    74.92 kB
.svelte-kit/output/server/entries/pages/_layout.svelte.js                                                38.93 kB │ gzip:   9.82 kB │ map:    98.07 kB
.svelte-kit/output/server/chunks/calendar.js                                                             39.47 kB │ gzip:   5.33 kB │ map:    34.94 kB
.svelte-kit/output/server/chunks/layout-group.js                                                         41.26 kB │ gzip:  11.21 kB │ map:    85.33 kB
.svelte-kit/output/server/chunks/centroid.js                                                             41.34 kB │ gzip:  10.25 kB │ map:   154.17 kB
.svelte-kit/output/server/chunks/formatter.js                                                            41.89 kB │ gzip:   9.25 kB │ map:    78.90 kB
.svelte-kit/output/server/entries/pages/demo/motion/components/_page.svelte.js                           45.00 kB │ gzip:   6.67 kB │ map:    23.69 kB
.svelte-kit/output/server/chunks/scroll-area.js                                                          45.07 kB │ gzip:   6.86 kB │ map:    77.58 kB
.svelte-kit/output/server/chunks/Path.canvas.js                                                          45.51 kB │ gzip:  11.72 kB │ map:    95.73 kB
.svelte-kit/output/server/entries/pages/templates/video-library/_page.svelte.js                          45.80 kB │ gzip:  10.08 kB │ map:    56.02 kB
.svelte-kit/output/server/remote-entry.js                                                                54.71 kB │ gzip:  11.97 kB │ map:    90.51 kB
.svelte-kit/output/server/chunks/navigation-menu.js                                                      58.19 kB │ gzip:  10.24 kB │ map:    87.73 kB
.svelte-kit/output/server/chunks/calendar-year-select.js                                                 58.35 kB │ gzip:  10.42 kB │ map:    95.88 kB
.svelte-kit/output/server/entries/pages/templates/social-network/_page.svelte.js                         58.71 kB │ gzip:  12.04 kB │ map:    72.12 kB
.svelte-kit/output/server/chunks/select.js                                                               60.22 kB │ gzip:  10.59 kB │ map:   100.70 kB
.svelte-kit/output/server/entries/pages/docs/components/_slug_/_page.svelte.js                           61.99 kB │ gzip:  10.33 kB │ map:    46.48 kB
.svelte-kit/output/server/chunks/drawer.js                                                               63.50 kB │ gzip:  12.35 kB │ map:   126.83 kB
.svelte-kit/output/server/chunks/range-calendar.js                                                       66.70 kB │ gzip:  10.14 kB │ map:    79.54 kB
.svelte-kit/output/server/chunks/command.js                                                              69.44 kB │ gzip:  12.64 kB │ map:   114.49 kB
.svelte-kit/output/server/chunks/Voronoi.js                                                              70.40 kB │ gzip:  16.50 kB │ map:   145.48 kB
.svelte-kit/output/server/chunks/resizable.js                                                            72.47 kB │ gzip:  16.27 kB │ map:   143.43 kB
.svelte-kit/output/server/chunks/server.js                                                               84.88 kB │ gzip:  23.56 kB │ map:   171.06 kB
.svelte-kit/output/server/chunks/common.js                                                               88.03 kB │ gzip:  20.95 kB │ map:   221.64 kB
.svelte-kit/output/server/entries/pages/templates/email-client/_page.svelte.js                           88.41 kB │ gzip:  16.67 kB │ map:   113.89 kB
.svelte-kit/output/server/chunks/dist4.js                                                                92.78 kB │ gzip:  22.34 kB │ map:   239.12 kB
.svelte-kit/output/server/chunks/scroll-lock.js                                                          95.82 kB │ gzip:  22.24 kB │ map:   206.54 kB
.svelte-kit/output/server/chunks/tooltip.js                                                             122.37 kB │ gzip:  25.27 kB │ map:   230.65 kB
.svelte-kit/output/server/index.js                                                                      128.94 kB │ gzip:  34.05 kB │ map:   259.86 kB
.svelte-kit/output/server/chunks/server3.js                                                             140.81 kB │ gzip:  36.42 kB │ map:   404.40 kB
.svelte-kit/output/server/chunks/data-table.js                                                          268.32 kB │ gzip:  57.04 kB │ map:   478.28 kB
.svelte-kit/output/server/chunks/chart.js                                                               424.99 kB │ gzip:  87.62 kB │ map:   899.32 kB
.svelte-kit/output/server/entries/pages/docs/components/_slug_/_page.server.ts.js                     1,797.51 kB │ gzip: 177.22 kB │ map: 2,233.32 kB

✓ built in 8.71s
[33m[PLUGIN_TIMINGS] [0mYour build spent 95% of 8.7s inside plugin hooks (8.2s).
Measured inside the callback, so queue time is excluded and time the callback itself awaited is not:
  - vite-plugin-svelte:compile transform (55%, 4.8s, 1756 calls)
  - vite-plugin-svelte:compile-module transform (20%, 1.8s, 320 calls)
Those rows are 76% of the build; the rest of the 95% is below.
Not measurable — 2 hooks whose calls overlap, so elapsed time covers work other calls were doing. Profile with `node --cpu-prof`:
  - vite:asset load (102 calls)
  - @tailwindcss/vite:generate:build transform (101 calls)
See https://rolldown.rs/reference/InputOptions.checks#plugintimings for more details.

Analysing routes
(node:1574551) Warning: The 'NO_COLOR' env is ignored due to the 'FORCE_COLOR' env being set.
(Use `node --trace-warnings ...` to show where the warning was created)
Building app
vite v8.2.2 building client environment for production...
transforming...
✓ 4109 modules transformed.
rendering chunks...
computing gzip size...
.svelte-kit/output/client/_app/version.json                                                               0.02 kB │ gzip:   0.04 kB
.svelte-kit/output/client/_app/immutable/assets/instrument-sans-latin-ext-wght-normal.B5bTHO_g.woff2     11.14 kB
.svelte-kit/output/client/_app/immutable/assets/instrument-sans-latin-wght-normal.BbzFLZTg.woff2         30.09 kB
.svelte-kit/output/client/.vite/manifest.json                                                           282.26 kB │ gzip:  26.64 kB
.svelte-kit/output/client/_app/immutable/assets/pdf.worker.min.Dswkl-cV.mjs                           1,265.41 kB
.svelte-kit/output/client/_app/immutable/assets/metadata-list.CWbTIo47.css                                0.06 kB │ gzip:   0.08 kB
.svelte-kit/output/client/_app/immutable/assets/TransformContext.CsxkF_O6.css                             0.07 kB │ gzip:   0.09 kB
.svelte-kit/output/client/_app/immutable/assets/Voronoi.ce7atosu.css                                      0.09 kB │ gzip:   0.09 kB
.svelte-kit/output/client/_app/immutable/assets/tabs.BUrXyqGR.css                                         0.12 kB │ gzip:   0.12 kB
.svelte-kit/output/client/_app/immutable/assets/sidebar.DRc8qLRX.css                                      0.14 kB │ gzip:   0.11 kB
.svelte-kit/output/client/_app/immutable/assets/clickable-card.CSSxBjB0.css                               0.15 kB │ gzip:   0.13 kB
.svelte-kit/output/client/_app/immutable/assets/selectable-card.TpNICFS5.css                              0.15 kB │ gzip:   0.12 kB
.svelte-kit/output/client/_app/immutable/assets/stepper.DDa1hhV_.css                                      0.15 kB │ gzip:   0.12 kB
.svelte-kit/output/client/_app/immutable/assets/outline.aG2yq5Xr.css                                      0.16 kB │ gzip:   0.13 kB
.svelte-kit/output/client/_app/immutable/assets/banner.BkQTA2tc.css                                       0.22 kB │ gzip:   0.13 kB
.svelte-kit/output/client/_app/immutable/assets/avatar.C-MIoPDO.css                                       0.24 kB │ gzip:   0.15 kB
.svelte-kit/output/client/_app/immutable/assets/chat.ins0Umg9.css                                         0.24 kB │ gzip:   0.14 kB
.svelte-kit/output/client/_app/immutable/assets/18.DZPwHYQY.css                                           0.26 kB │ gzip:   0.15 kB
.svelte-kit/output/client/_app/immutable/assets/select.CV-KWLNP.css                                       0.28 kB │ gzip:   0.14 kB
.svelte-kit/output/client/_app/immutable/assets/HighlightedCode.Du4iRdB0.css                              0.32 kB │ gzip:   0.15 kB
.svelte-kit/output/client/_app/immutable/assets/data-table.BCoen3hH.css                                   0.34 kB │ gzip:   0.16 kB
.svelte-kit/output/client/_app/immutable/assets/ChartAnnotations.Bw8CGteN.css                             0.52 kB │ gzip:   0.18 kB
.svelte-kit/output/client/_app/immutable/assets/4.BrkCDwO1.css                                            0.57 kB │ gzip:   0.20 kB
.svelte-kit/output/client/_app/immutable/assets/Labels.sEaJtb97.css                                       0.60 kB │ gzip:   0.24 kB
.svelte-kit/output/client/_app/immutable/assets/16.BxhnMuML.css                                           0.78 kB │ gzip:   0.39 kB
.svelte-kit/output/client/_app/immutable/assets/BrushContext.BoFV9TTV.css                                 0.79 kB │ gzip:   0.28 kB
.svelte-kit/output/client/_app/immutable/assets/scroll-area.DQVAQz17.css                                  0.80 kB │ gzip:   0.28 kB
.svelte-kit/output/client/_app/immutable/assets/code-block.IdtFEapU.css                                   0.93 kB │ gzip:   0.33 kB
.svelte-kit/output/client/_app/immutable/assets/stepped-form.BX0BXXLF.css                                 0.94 kB │ gzip:   0.33 kB
.svelte-kit/output/client/_app/immutable/assets/Path.QnSj8aSq.css                                         1.07 kB │ gzip:   0.34 kB
.svelte-kit/output/client/_app/immutable/assets/33.SrL3NRCo.css                                           1.48 kB │ gzip:   0.58 kB
.svelte-kit/output/client/_app/immutable/assets/progressive-blur.B_mmgue3.css                             1.75 kB │ gzip:   0.45 kB
.svelte-kit/output/client/_app/immutable/assets/Legend.Co_F-w3i.css                                       2.09 kB │ gzip:   0.55 kB
.svelte-kit/output/client/_app/immutable/assets/12.Cct5KuGJ.css                                           2.19 kB │ gzip:   0.65 kB
.svelte-kit/output/client/_app/immutable/assets/Benchmark.DnMXvlqs.css                                    2.85 kB │ gzip:   0.94 kB
.svelte-kit/output/client/_app/immutable/assets/34._gstGjBT.css                                           3.02 kB │ gzip:   1.06 kB
.svelte-kit/output/client/_app/immutable/assets/DefaultTooltip.Dyo5TEFW.css                               3.08 kB │ gzip:   0.85 kB
.svelte-kit/output/client/_app/immutable/assets/5.B4D18_7b.css                                            3.85 kB │ gzip:   1.03 kB
.svelte-kit/output/client/_app/immutable/assets/15.DIolnvgE.css                                           4.18 kB │ gzip:   1.21 kB
.svelte-kit/output/client/_app/immutable/assets/10.sUvxE9NP.css                                           4.75 kB │ gzip:   1.13 kB
.svelte-kit/output/client/_app/immutable/assets/drawer.gmmBdIMB.css                                       5.02 kB │ gzip:   0.95 kB
.svelte-kit/output/client/_app/immutable/assets/14.CsT5sIlY.css                                           5.08 kB │ gzip:   1.36 kB
.svelte-kit/output/client/_app/immutable/assets/chart.CQGF6DBw.css                                        5.38 kB │ gzip:   1.05 kB
.svelte-kit/output/client/_app/immutable/assets/2.BZ7nCy3r.css                                            5.80 kB │ gzip:   1.68 kB
.svelte-kit/output/client/_app/immutable/assets/13.Bjwj4pAC.css                                           6.05 kB │ gzip:   1.36 kB
.svelte-kit/output/client/_app/immutable/assets/11.-mnVwiU6.css                                           6.94 kB │ gzip:   1.52 kB
.svelte-kit/output/client/_app/immutable/assets/31.DwkXazBS.css                                           9.67 kB │ gzip:   2.27 kB
.svelte-kit/output/client/_app/immutable/assets/32.Bha7GDMH.css                                          21.00 kB │ gzip:   4.25 kB
.svelte-kit/output/client/_app/immutable/assets/19.gm93ydkP.css                                          31.31 kB │ gzip:   6.22 kB
.svelte-kit/output/client/_app/immutable/assets/0.D4W6ieyZ.css                                          237.82 kB │ gzip:  35.72 kB
.svelte-kit/output/client/_app/immutable/chunks/C01AVYLv.js                                               0.02 kB │ gzip:   0.04 kB
.svelte-kit/output/client/_app/immutable/chunks/DKrACq0q.js                                               0.02 kB │ gzip:   0.04 kB
.svelte-kit/output/client/_app/immutable/chunks/DOfwFZ-0.js                                               0.02 kB │ gzip:   0.04 kB
.svelte-kit/output/client/_app/immutable/chunks/DsDAg6gW.js                                               0.02 kB │ gzip:   0.04 kB
.svelte-kit/output/client/_app/immutable/chunks/FR6Jfry6.js                                               0.02 kB │ gzip:   0.04 kB
.svelte-kit/output/client/_app/immutable/chunks/tlBK-nua.js                                               0.02 kB │ gzip:   0.04 kB
.svelte-kit/output/client/_app/immutable/chunks/CHxhbrlj.js                                               0.03 kB │ gzip:   0.05 kB
.svelte-kit/output/client/_app/immutable/entry/payload.DSmR2FwN.js                                        0.06 kB │ gzip:   0.07 kB
.svelte-kit/output/client/_app/immutable/chunks/aCgi5y-_.js                                               0.07 kB │ gzip:   0.08 kB
.svelte-kit/output/client/_app/immutable/chunks/zPUnlIDv.js                                               0.09 kB │ gzip:   0.09 kB
.svelte-kit/output/client/_app/immutable/nodes/17.favKMmDV.js                                             0.14 kB │ gzip:   0.15 kB
.svelte-kit/output/client/_app/immutable/chunks/B8Hu4jv7.js                                               0.15 kB │ gzip:   0.15 kB
.svelte-kit/output/client/_app/immutable/chunks/DK3Fl9T5.js                                               0.15 kB │ gzip:   0.15 kB
.svelte-kit/output/client/_app/immutable/chunks/B-UkZxTw.js                                               0.18 kB │ gzip:   0.16 kB
.svelte-kit/output/client/_app/immutable/chunks/BJtGjfSY.js                                               0.18 kB │ gzip:   0.16 kB
.svelte-kit/output/client/_app/immutable/chunks/BZyvdRct.js                                               0.18 kB │ gzip:   0.16 kB
.svelte-kit/output/client/_app/immutable/chunks/Ba738tRI.js                                               0.18 kB │ gzip:   0.16 kB
.svelte-kit/output/client/_app/immutable/chunks/US5CYQQJ.js                                               0.18 kB │ gzip:   0.16 kB
.svelte-kit/output/client/_app/immutable/chunks/r3Xjttst.js                                               0.18 kB │ gzip:   0.16 kB
.svelte-kit/output/client/_app/immutable/chunks/CCch3uox.js                                               0.19 kB │ gzip:   0.14 kB
.svelte-kit/output/client/_app/immutable/chunks/Db0q5_zr.js                                               0.19 kB │ gzip:   0.14 kB
.svelte-kit/output/client/_app/immutable/chunks/ChSEZaru.js                                               0.19 kB │ gzip:   0.15 kB
.svelte-kit/output/client/_app/immutable/chunks/DSsBsxMB.js                                               0.24 kB │ gzip:   0.20 kB
.svelte-kit/output/client/_app/immutable/chunks/DkMnK5oY.js                                               0.25 kB │ gzip:   0.22 kB
.svelte-kit/output/client/_app/immutable/chunks/DLdvLIZb.js                                               0.25 kB │ gzip:   0.22 kB
.svelte-kit/output/client/_app/immutable/chunks/DejYidtn.js                                               0.26 kB │ gzip:   0.20 kB
.svelte-kit/output/client/_app/immutable/chunks/CWTF97Jo.js                                               0.26 kB │ gzip:   0.22 kB
.svelte-kit/output/client/_app/immutable/chunks/4zleTBJW.js                                               0.27 kB │ gzip:   0.22 kB
.svelte-kit/output/client/_app/immutable/chunks/BC2102x4.js                                               0.27 kB │ gzip:   0.23 kB
.svelte-kit/output/client/_app/immutable/chunks/FIzwiY7q.js                                               0.27 kB │ gzip:   0.24 kB
.svelte-kit/output/client/_app/immutable/chunks/BU2hzi7l.js                                               0.28 kB │ gzip:   0.24 kB
.svelte-kit/output/client/_app/immutable/chunks/DUeMIOEw.js                                               0.29 kB │ gzip:   0.24 kB
.svelte-kit/output/client/_app/immutable/chunks/-LaT7kvQ.js                                               0.30 kB │ gzip:   0.22 kB
.svelte-kit/output/client/_app/immutable/chunks/C1i-KpyA.js                                               0.30 kB │ gzip:   0.24 kB
.svelte-kit/output/client/_app/immutable/chunks/C5IT6NDM.js                                               0.33 kB │ gzip:   0.25 kB
.svelte-kit/output/client/_app/immutable/chunks/D0FokmUC.js                                               0.33 kB │ gzip:   0.23 kB
.svelte-kit/output/client/_app/immutable/chunks/Ca-B6Qtd.js                                               0.33 kB │ gzip:   0.25 kB
.svelte-kit/output/client/_app/immutable/chunks/C6Su9y4z.js                                               0.34 kB │ gzip:   0.25 kB
.svelte-kit/output/client/_app/immutable/chunks/BHxPZSab.js                                               0.36 kB │ gzip:   0.28 kB
.svelte-kit/output/client/_app/immutable/chunks/CU82GoAh.js                                               0.36 kB │ gzip:   0.24 kB
.svelte-kit/output/client/_app/immutable/chunks/CkzbISsY.js                                               0.37 kB │ gzip:   0.27 kB
.svelte-kit/output/client/_app/immutable/nodes/1.t7ISFeHe.js                                              0.38 kB │ gzip:   0.27 kB
.svelte-kit/output/client/_app/immutable/chunks/DYPP-8jw.js                                               0.39 kB │ gzip:   0.28 kB
.svelte-kit/output/client/_app/immutable/chunks/19du9on9.js                                               0.39 kB │ gzip:   0.28 kB
.svelte-kit/output/client/_app/immutable/chunks/rpvV0xXy.js                                               0.40 kB │ gzip:   0.31 kB
.svelte-kit/output/client/_app/immutable/chunks/BKz3V_0o.js                                               0.41 kB │ gzip:   0.31 kB
.svelte-kit/output/client/_app/immutable/chunks/D3LaFS1J.js                                               0.41 kB │ gzip:   0.31 kB
.svelte-kit/output/client/_app/immutable/chunks/_aoYskxR.js                                               0.41 kB │ gzip:   0.31 kB
.svelte-kit/output/client/_app/immutable/chunks/BDve7cyH.js                                               0.42 kB │ gzip:   0.30 kB
.svelte-kit/output/client/_app/immutable/chunks/iQ1XnqA3.js                                               0.42 kB │ gzip:   0.28 kB
.svelte-kit/output/client/_app/immutable/chunks/Bln0Hnn6.js                                               0.43 kB │ gzip:   0.31 kB
.svelte-kit/output/client/_app/immutable/chunks/DDNB8yfQ.js                                               0.43 kB │ gzip:   0.30 kB
.svelte-kit/output/client/_app/immutable/chunks/CdV1tarI.js                                               0.43 kB │ gzip:   0.30 kB
.svelte-kit/output/client/_app/immutable/chunks/Bd4-3_RO.js                                               0.44 kB │ gzip:   0.32 kB
.svelte-kit/output/client/_app/immutable/chunks/ChgN2bqI.js                                               0.44 kB │ gzip:   0.26 kB
.svelte-kit/output/client/_app/immutable/chunks/D-zoBpIx.js                                               0.46 kB │ gzip:   0.30 kB
.svelte-kit/output/client/_app/immutable/chunks/BpEu9QC8.js                                               0.46 kB │ gzip:   0.30 kB
.svelte-kit/output/client/_app/immutable/chunks/BiCRbSSM.js                                               0.47 kB │ gzip:   0.34 kB
.svelte-kit/output/client/_app/immutable/chunks/CriWrcCM.js                                               0.47 kB │ gzip:   0.34 kB
.svelte-kit/output/client/_app/immutable/chunks/RobXhXPM.js                                               0.48 kB │ gzip:   0.30 kB
.svelte-kit/output/client/_app/immutable/chunks/Qb4NmnHV.js                                               0.50 kB │ gzip:   0.32 kB
.svelte-kit/output/client/_app/immutable/chunks/CvEGU-cw.js                                               0.51 kB │ gzip:   0.29 kB
.svelte-kit/output/client/_app/immutable/chunks/DSuiUBEv.js                                               0.51 kB │ gzip:   0.32 kB
.svelte-kit/output/client/_app/immutable/chunks/DpL5GzGJ.js                                               0.53 kB │ gzip:   0.37 kB
.svelte-kit/output/client/_app/immutable/chunks/BDMZv82q.js                                               0.53 kB │ gzip:   0.30 kB
.svelte-kit/output/client/_app/immutable/chunks/C8r90Shi.js                                               0.54 kB │ gzip:   0.31 kB
.svelte-kit/output/client/_app/immutable/chunks/DKVxCGmO.js                                               0.55 kB │ gzip:   0.34 kB
.svelte-kit/output/client/_app/immutable/chunks/BaEcCBtX.js                                               0.57 kB │ gzip:   0.28 kB
.svelte-kit/output/client/_app/immutable/chunks/Ctr8pfUN.js                                               0.57 kB │ gzip:   0.36 kB
.svelte-kit/output/client/_app/immutable/entry/start.BwmbvjC2.js                                          0.57 kB │ gzip:   0.33 kB
.svelte-kit/output/client/_app/immutable/chunks/dFpzm4to.js                                               0.57 kB │ gzip:   0.39 kB
.svelte-kit/output/client/_app/immutable/chunks/DrzJKkNH.js                                               0.58 kB │ gzip:   0.36 kB
.svelte-kit/output/client/_app/immutable/chunks/DEUNJ4o8.js                                               0.58 kB │ gzip:   0.34 kB
.svelte-kit/output/client/_app/immutable/chunks/TcFpiNWi.js                                               0.59 kB │ gzip:   0.35 kB
.svelte-kit/output/client/_app/immutable/chunks/Cy25i2e-.js                                               0.59 kB │ gzip:   0.41 kB
.svelte-kit/output/client/_app/immutable/chunks/DmBefmtQ.js                                               0.59 kB │ gzip:   0.38 kB
.svelte-kit/output/client/_app/immutable/chunks/cmCzmWQc.js                                               0.60 kB │ gzip:   0.25 kB
.svelte-kit/output/client/_app/immutable/chunks/BtmUTVxJ.js                                               0.60 kB │ gzip:   0.33 kB
.svelte-kit/output/client/_app/immutable/nodes/6.CueI9pGO.js                                              0.63 kB │ gzip:   0.38 kB
.svelte-kit/output/client/_app/immutable/chunks/dtVjJzQ1.js                                               0.63 kB │ gzip:   0.39 kB
.svelte-kit/output/client/_app/immutable/chunks/BAB8rcE7.js                                               0.65 kB │ gzip:   0.32 kB
.svelte-kit/output/client/_app/immutable/chunks/BjkpMQbj.js                                               0.65 kB │ gzip:   0.36 kB
.svelte-kit/output/client/_app/immutable/chunks/DGdGlpzi.js                                               0.65 kB │ gzip:   0.37 kB
.svelte-kit/output/client/_app/immutable/chunks/CxmTryAp.js                                               0.66 kB │ gzip:   0.37 kB
.svelte-kit/output/client/_app/immutable/chunks/C_1Af8ZC.js                                               0.68 kB │ gzip:   0.46 kB
.svelte-kit/output/client/_app/immutable/chunks/BxxTlcpK.js                                               0.68 kB │ gzip:   0.39 kB
.svelte-kit/output/client/_app/immutable/chunks/CFho3top.js                                               0.70 kB │ gzip:   0.42 kB
.svelte-kit/output/client/_app/immutable/chunks/DA_aibwD.js                                               0.70 kB │ gzip:   0.46 kB
.svelte-kit/output/client/_app/immutable/chunks/rIPzF3op.js                                               0.70 kB │ gzip:   0.40 kB
.svelte-kit/output/client/_app/immutable/chunks/2VN9WxmT.js                                               0.71 kB │ gzip:   0.42 kB
.svelte-kit/output/client/_app/immutable/chunks/Dx0tm2Z6.js                                               0.71 kB │ gzip:   0.43 kB
.svelte-kit/output/client/_app/immutable/chunks/Bjuc2R5_.js                                               0.71 kB │ gzip:   0.48 kB
.svelte-kit/output/client/_app/immutable/chunks/BzS113vk.js                                               0.71 kB │ gzip:   0.40 kB
.svelte-kit/output/client/_app/immutable/chunks/BotAgMxl.js                                               0.72 kB │ gzip:   0.46 kB
.svelte-kit/output/client/_app/immutable/chunks/BfCK3nXU.js                                               0.72 kB │ gzip:   0.42 kB
.svelte-kit/output/client/_app/immutable/chunks/Dap5uwMb.js                                               0.72 kB │ gzip:   0.37 kB
.svelte-kit/output/client/_app/immutable/chunks/sltzmVWM.js                                               0.73 kB │ gzip:   0.33 kB
.svelte-kit/output/client/_app/immutable/chunks/BnKPBL9N.js                                               0.73 kB │ gzip:   0.38 kB
.svelte-kit/output/client/_app/immutable/chunks/Ccl3g6YM.js                                               0.73 kB │ gzip:   0.51 kB
.svelte-kit/output/client/_app/immutable/chunks/C8Sd7vFo.js                                               0.75 kB │ gzip:   0.42 kB
.svelte-kit/output/client/_app/immutable/chunks/PdHGz3c8.js                                               0.75 kB │ gzip:   0.45 kB
.svelte-kit/output/client/_app/immutable/chunks/Cn65ZoS2.js                                               0.75 kB │ gzip:   0.49 kB
.svelte-kit/output/client/_app/immutable/chunks/BO5oklcg.js                                               0.76 kB │ gzip:   0.34 kB
.svelte-kit/output/client/_app/immutable/chunks/Bo--vIb9.js                                               0.76 kB │ gzip:   0.43 kB
.svelte-kit/output/client/_app/immutable/chunks/BOYo52WV.js                                               0.76 kB │ gzip:   0.48 kB
.svelte-kit/output/client/_app/immutable/chunks/CLNUxfTG.js                                               0.77 kB │ gzip:   0.40 kB
.svelte-kit/output/client/_app/immutable/chunks/CfV7nEer.js                                               0.77 kB │ gzip:   0.41 kB
.svelte-kit/output/client/_app/immutable/chunks/Cq5KjmpS.js                                               0.78 kB │ gzip:   0.42 kB
.svelte-kit/output/client/_app/immutable/chunks/BvWPYKjH.js                                               0.79 kB │ gzip:   0.41 kB
.svelte-kit/output/client/_app/immutable/chunks/CALarXn_.js                                               0.80 kB │ gzip:   0.47 kB
.svelte-kit/output/client/_app/immutable/chunks/DOuQ7SY9.js                                               0.81 kB │ gzip:   0.46 kB
.svelte-kit/output/client/_app/immutable/chunks/Cv5xwm_X.js                                               0.82 kB │ gzip:   0.38 kB
.svelte-kit/output/client/_app/immutable/chunks/BxKvcqAp.js                                               0.82 kB │ gzip:   0.47 kB
.svelte-kit/output/client/_app/immutable/chunks/DfEeLfza.js                                               0.82 kB │ gzip:   0.35 kB
.svelte-kit/output/client/_app/immutable/chunks/BLLp2fMj.js                                               0.83 kB │ gzip:   0.45 kB
.svelte-kit/output/client/_app/immutable/chunks/DXs7BTZs.js                                               0.84 kB │ gzip:   0.55 kB
.svelte-kit/output/client/_app/immutable/chunks/p0d-Eywh.js                                               0.84 kB │ gzip:   0.58 kB
.svelte-kit/output/client/_app/immutable/chunks/ZHGN15H5.js                                               0.84 kB │ gzip:   0.49 kB
.svelte-kit/output/client/_app/immutable/chunks/Dym_2jSX.js                                               0.85 kB │ gzip:   0.52 kB
.svelte-kit/output/client/_app/immutable/chunks/D2MLH8KX.js                                               0.85 kB │ gzip:   0.44 kB
.svelte-kit/output/client/_app/immutable/chunks/BWDB9gdR.js                                               0.85 kB │ gzip:   0.42 kB
.svelte-kit/output/client/_app/immutable/chunks/CdAEY3me.js                                               0.86 kB │ gzip:   0.46 kB
.svelte-kit/output/client/_app/immutable/chunks/D8fm-Afh.js                                               0.86 kB │ gzip:   0.36 kB
.svelte-kit/output/client/_app/immutable/chunks/BOg0F-0Z.js                                               0.87 kB │ gzip:   0.51 kB
.svelte-kit/output/client/_app/immutable/chunks/CoNMRE_q.js                                               0.87 kB │ gzip:   0.51 kB
.svelte-kit/output/client/_app/immutable/chunks/B--YOTy0.js                                               0.88 kB │ gzip:   0.56 kB
.svelte-kit/output/client/_app/immutable/chunks/hS-FS_q3.js                                               0.88 kB │ gzip:   0.49 kB
.svelte-kit/output/client/_app/immutable/chunks/DCpUjRZK.js                                               0.90 kB │ gzip:   0.43 kB
.svelte-kit/output/client/_app/immutable/chunks/BGQFiKAu.js                                               0.91 kB │ gzip:   0.51 kB
.svelte-kit/output/client/_app/immutable/chunks/ScYOxOeL.js                                               0.92 kB │ gzip:   0.60 kB
.svelte-kit/output/client/_app/immutable/chunks/Dj6op2vT.js                                               0.93 kB │ gzip:   0.55 kB
.svelte-kit/output/client/_app/immutable/chunks/BYurX3d4.js                                               0.95 kB │ gzip:   0.50 kB
.svelte-kit/output/client/_app/immutable/chunks/B8g0jdiK.js                                               0.95 kB │ gzip:   0.61 kB
.svelte-kit/output/client/_app/immutable/chunks/D0mTRgbr.js                                               0.96 kB │ gzip:   0.43 kB
.svelte-kit/output/client/_app/immutable/chunks/BqIpgALU.js                                               0.96 kB │ gzip:   0.56 kB
.svelte-kit/output/client/_app/immutable/chunks/9MDfgmJe.js                                               0.96 kB │ gzip:   0.51 kB
.svelte-kit/output/client/_app/immutable/chunks/D_oBsfn8.js                                               0.97 kB │ gzip:   0.43 kB
.svelte-kit/output/client/_app/immutable/chunks/Cakotm7H.js                                               0.98 kB │ gzip:   0.46 kB
.svelte-kit/output/client/_app/immutable/chunks/DkQWImyx.js                                               0.99 kB │ gzip:   0.50 kB
.svelte-kit/output/client/_app/immutable/chunks/DCQb3MpD.js                                               0.99 kB │ gzip:   0.44 kB
.svelte-kit/output/client/_app/immutable/chunks/CvlNOafe.js                                               0.99 kB │ gzip:   0.47 kB
.svelte-kit/output/client/_app/immutable/chunks/PqEEtzl_.js                                               1.00 kB │ gzip:   0.45 kB
.svelte-kit/output/client/_app/immutable/chunks/Ba1sKDuM.js                                               1.01 kB │ gzip:   0.57 kB
.svelte-kit/output/client/_app/immutable/chunks/iR0DQoBr.js                                               1.02 kB │ gzip:   0.61 kB
.svelte-kit/output/client/_app/immutable/chunks/BOs2JdtZ.js                                               1.02 kB │ gzip:   0.56 kB
.svelte-kit/output/client/_app/immutable/chunks/DLBuezib.js                                               1.02 kB │ gzip:   0.60 kB
.svelte-kit/output/client/_app/immutable/chunks/By133NlH.js                                               1.03 kB │ gzip:   0.60 kB
.svelte-kit/output/client/_app/immutable/chunks/BGwzxvDP.js                                               1.04 kB │ gzip:   0.46 kB
.svelte-kit/output/client/_app/immutable/chunks/CHf4tJiv.js                                               1.04 kB │ gzip:   0.62 kB
.svelte-kit/output/client/_app/immutable/chunks/Csq1xg9y.js                                               1.06 kB │ gzip:   0.46 kB
.svelte-kit/output/client/_app/immutable/chunks/8csscJli.js                                               1.07 kB │ gzip:   0.58 kB
.svelte-kit/output/client/_app/immutable/chunks/Beunzbz8.js                                               1.07 kB │ gzip:   0.39 kB
.svelte-kit/output/client/_app/immutable/chunks/CE_cgUf0.js                                               1.09 kB │ gzip:   0.69 kB
.svelte-kit/output/client/_app/immutable/chunks/D9kWT30m.js                                               1.09 kB │ gzip:   0.58 kB
.svelte-kit/output/client/_app/immutable/chunks/CSIkJLl8.js                                               1.11 kB │ gzip:   0.70 kB
.svelte-kit/output/client/_app/immutable/chunks/BDx37TZ-.js                                               1.13 kB │ gzip:   0.67 kB
.svelte-kit/output/client/_app/immutable/chunks/Cy2bwsMR.js                                               1.13 kB │ gzip:   0.68 kB
.svelte-kit/output/client/_app/immutable/chunks/CzlfVuy-.js                                               1.13 kB │ gzip:   0.48 kB
.svelte-kit/output/client/_app/immutable/chunks/u0RPBTyx.js                                               1.13 kB │ gzip:   0.59 kB
.svelte-kit/output/client/_app/immutable/chunks/Dx-8-gkx.js                                               1.13 kB │ gzip:   0.36 kB
.svelte-kit/output/client/_app/immutable/chunks/DAQDRDUg.js                                               1.14 kB │ gzip:   0.54 kB
.svelte-kit/output/client/_app/immutable/chunks/Cif93HGt.js                                               1.15 kB │ gzip:   0.72 kB
.svelte-kit/output/client/_app/immutable/chunks/DcuACVhD.js                                               1.18 kB │ gzip:   0.72 kB
.svelte-kit/output/client/_app/immutable/chunks/DElhoPDu.js                                               1.18 kB │ gzip:   0.43 kB
.svelte-kit/output/client/_app/immutable/chunks/DR5ezyc0.js                                               1.19 kB │ gzip:   0.50 kB
.svelte-kit/output/client/_app/immutable/chunks/HclGiUj8.js                                               1.21 kB │ gzip:   0.67 kB
.svelte-kit/output/client/_app/immutable/chunks/CYCvInbD.js                                               1.21 kB │ gzip:   0.45 kB
.svelte-kit/output/client/_app/immutable/chunks/DPh-cswx.js                                               1.21 kB │ gzip:   0.73 kB
.svelte-kit/output/client/_app/immutable/chunks/BeKJgE-T.js                                               1.21 kB │ gzip:   0.62 kB
.svelte-kit/output/client/_app/immutable/chunks/DDqZBno9.js                                               1.22 kB │ gzip:   0.52 kB
.svelte-kit/output/client/_app/immutable/chunks/t5oazJEU.js                                               1.22 kB │ gzip:   0.71 kB
.svelte-kit/output/client/_app/immutable/chunks/DWjWm-Fd.js                                               1.23 kB │ gzip:   0.63 kB
.svelte-kit/output/client/_app/immutable/chunks/QQoW6aBY.js                                               1.24 kB │ gzip:   0.74 kB
.svelte-kit/output/client/_app/immutable/chunks/CEdOx1rP.js                                               1.25 kB │ gzip:   0.74 kB
.svelte-kit/output/client/_app/immutable/chunks/CNGjz7ZZ.js                                               1.25 kB │ gzip:   0.51 kB
.svelte-kit/output/client/_app/immutable/chunks/CrP9Q_Gl.js                                               1.26 kB │ gzip:   0.77 kB
.svelte-kit/output/client/_app/immutable/chunks/CLZgFoyV.js                                               1.26 kB │ gzip:   0.57 kB
.svelte-kit/output/client/_app/immutable/chunks/sH0Cng8L.js                                               1.26 kB │ gzip:   0.58 kB
.svelte-kit/output/client/_app/immutable/chunks/BP3kW1kF.js                                               1.27 kB │ gzip:   0.56 kB
.svelte-kit/output/client/_app/immutable/chunks/BU2FmvU-.js                                               1.27 kB │ gzip:   0.62 kB
.svelte-kit/output/client/_app/immutable/chunks/B1EQswqF.js                                               1.27 kB │ gzip:   0.76 kB
.svelte-kit/output/client/_app/immutable/chunks/Cca3-lG4.js                                               1.28 kB │ gzip:   0.74 kB
.svelte-kit/output/client/_app/immutable/chunks/Ckszu6w8.js                                               1.30 kB │ gzip:   0.53 kB
.svelte-kit/output/client/_app/immutable/chunks/BhgHww34.js                                               1.30 kB │ gzip:   0.48 kB
.svelte-kit/output/client/_app/immutable/chunks/JVD5X1g6.js                                               1.31 kB │ gzip:   0.70 kB
.svelte-kit/output/client/_app/immutable/chunks/DDvipDSS.js                                               1.32 kB │ gzip:   0.71 kB
.svelte-kit/output/client/_app/immutable/chunks/wpmht-GR.js                                               1.33 kB │ gzip:   0.76 kB
.svelte-kit/output/client/_app/immutable/chunks/DL-Hdv3n.js                                               1.33 kB │ gzip:   0.58 kB
.svelte-kit/output/client/_app/immutable/chunks/6u4lU7Tr.js                                               1.35 kB │ gzip:   0.77 kB
.svelte-kit/output/client/_app/immutable/chunks/CX3SVN5J.js                                               1.35 kB │ gzip:   0.49 kB
.svelte-kit/output/client/_app/immutable/chunks/Cyxh69K4.js                                               1.35 kB │ gzip:   0.74 kB
.svelte-kit/output/client/_app/immutable/chunks/CKG1P3Nd.js                                               1.36 kB │ gzip:   0.80 kB
.svelte-kit/output/client/_app/immutable/chunks/Bjy-W4x2.js                                               1.36 kB │ gzip:   0.65 kB
.svelte-kit/output/client/_app/immutable/chunks/Broy06aY.js                                               1.37 kB │ gzip:   0.61 kB
.svelte-kit/output/client/_app/immutable/chunks/Cg_55M5R.js                                               1.37 kB │ gzip:   0.79 kB
.svelte-kit/output/client/_app/immutable/chunks/CshZ8un-.js                                               1.37 kB │ gzip:   0.83 kB
.svelte-kit/output/client/_app/immutable/chunks/Djem-cY3.js                                               1.37 kB │ gzip:   0.77 kB
.svelte-kit/output/client/_app/immutable/chunks/UhgBzxqo.js                                               1.37 kB │ gzip:   0.82 kB
.svelte-kit/output/client/_app/immutable/chunks/hPIpSv8Q.js                                               1.38 kB │ gzip:   0.57 kB
.svelte-kit/output/client/_app/immutable/chunks/BRdSkkRJ.js                                               1.38 kB │ gzip:   0.54 kB
.svelte-kit/output/client/_app/immutable/chunks/B_dwLKfB.js                                               1.39 kB │ gzip:   0.54 kB
.svelte-kit/output/client/_app/immutable/chunks/CAiO6mFi.js                                               1.39 kB │ gzip:   0.84 kB
.svelte-kit/output/client/_app/immutable/chunks/CjlWDU1F.js                                               1.39 kB │ gzip:   0.65 kB
.svelte-kit/output/client/_app/immutable/chunks/DntNGSIr.js                                               1.40 kB │ gzip:   0.82 kB
.svelte-kit/output/client/_app/immutable/chunks/DOrkPbJh.js                                               1.40 kB │ gzip:   0.80 kB
.svelte-kit/output/client/_app/immutable/chunks/_5a1GRtc.js                                               1.41 kB │ gzip:   0.52 kB
.svelte-kit/output/client/_app/immutable/chunks/BdmliDXW.js                                               1.42 kB │ gzip:   0.59 kB
.svelte-kit/output/client/_app/immutable/chunks/OJGEgtOg.js                                               1.42 kB │ gzip:   0.76 kB
.svelte-kit/output/client/_app/immutable/chunks/BFJkk0Qw.js                                               1.42 kB │ gzip:   0.82 kB
.svelte-kit/output/client/_app/immutable/chunks/C7KrQXPN.js                                               1.43 kB │ gzip:   0.83 kB
.svelte-kit/output/client/_app/immutable/chunks/i7HuaAPn.js                                               1.43 kB │ gzip:   0.76 kB
.svelte-kit/output/client/_app/immutable/chunks/D2tqUEea.js                                               1.44 kB │ gzip:   0.82 kB
.svelte-kit/output/client/_app/immutable/chunks/DCe7o41H.js                                               1.46 kB │ gzip:   0.72 kB
.svelte-kit/output/client/_app/immutable/chunks/DPgNUQNK.js                                               1.46 kB │ gzip:   0.85 kB
.svelte-kit/output/client/_app/immutable/chunks/DMLwhoLh.js                                               1.46 kB │ gzip:   0.70 kB
.svelte-kit/output/client/_app/immutable/chunks/BpJ-J-9g.js                                               1.46 kB │ gzip:   0.69 kB
.svelte-kit/output/client/_app/immutable/chunks/D8cBSkDw.js                                               1.46 kB │ gzip:   0.86 kB
.svelte-kit/output/client/_app/immutable/chunks/BU9Wq1jT.js                                               1.46 kB │ gzip:   0.81 kB
.svelte-kit/output/client/_app/immutable/chunks/B5B4dYe2.js                                               1.47 kB │ gzip:   0.80 kB
.svelte-kit/output/client/_app/immutable/chunks/CHvQiJaI.js                                               1.47 kB │ gzip:   0.84 kB
.svelte-kit/output/client/_app/immutable/chunks/N9_kQPV6.js                                               1.47 kB │ gzip:   0.84 kB
.svelte-kit/output/client/_app/immutable/chunks/D8EZTpRT.js                                               1.48 kB │ gzip:   0.79 kB
.svelte-kit/output/client/_app/immutable/chunks/4lGWLw0l.js                                               1.48 kB │ gzip:   0.82 kB
.svelte-kit/output/client/_app/immutable/chunks/c5wF2bc-.js                                               1.49 kB │ gzip:   0.78 kB
.svelte-kit/output/client/_app/immutable/chunks/B0n5T0er.js                                               1.50 kB │ gzip:   0.57 kB
.svelte-kit/output/client/_app/immutable/chunks/Br0mmAwt.js                                               1.50 kB │ gzip:   0.88 kB
.svelte-kit/output/client/_app/immutable/chunks/D8w4klRW.js                                               1.50 kB │ gzip:   0.85 kB
.svelte-kit/output/client/_app/immutable/chunks/tbw3cKOV.js                                               1.51 kB │ gzip:   0.79 kB
.svelte-kit/output/client/_app/immutable/chunks/_BTxwyMO.js                                               1.51 kB │ gzip:   0.86 kB
.svelte-kit/output/client/_app/immutable/chunks/B5eOa1yu.js                                               1.51 kB │ gzip:   0.49 kB
.svelte-kit/output/client/_app/immutable/chunks/BODGcY2G.js                                               1.51 kB │ gzip:   0.58 kB
.svelte-kit/output/client/_app/immutable/chunks/CS0CTlhZ.js                                               1.52 kB │ gzip:   0.79 kB
.svelte-kit/output/client/_app/immutable/chunks/Dxpa3OrX.js                                               1.53 kB │ gzip:   0.78 kB
.svelte-kit/output/client/_app/immutable/chunks/CnUntGxh.js                                               1.53 kB │ gzip:   0.67 kB
.svelte-kit/output/client/_app/immutable/chunks/B4MvJE51.js                                               1.53 kB │ gzip:   0.87 kB
.svelte-kit/output/client/_app/immutable/chunks/DRf_nIMY.js                                               1.54 kB │ gzip:   0.91 kB
.svelte-kit/output/client/_app/immutable/chunks/D9X5Q-o0.js                                               1.55 kB │ gzip:   0.83 kB
.svelte-kit/output/client/_app/immutable/chunks/fHn0iL_6.js                                               1.55 kB │ gzip:   0.87 kB
.svelte-kit/output/client/_app/immutable/chunks/CLdIj92P.js                                               1.55 kB │ gzip:   0.78 kB
.svelte-kit/output/client/_app/immutable/chunks/DlZ8ZndB.js                                               1.57 kB │ gzip:   0.84 kB
.svelte-kit/output/client/_app/immutable/chunks/BzPlI7Ef.js                                               1.57 kB │ gzip:   0.83 kB
.svelte-kit/output/client/_app/immutable/chunks/CAPjJ4xZ.js                                               1.58 kB │ gzip:   0.86 kB
.svelte-kit/output/client/_app/immutable/chunks/Zo5gXFF3.js                                               1.58 kB │ gzip:   0.88 kB
.svelte-kit/output/client/_app/immutable/chunks/DaMVMITk.js                                               1.59 kB │ gzip:   0.64 kB
.svelte-kit/output/client/_app/immutable/chunks/BusbpddR.js                                               1.59 kB │ gzip:   0.93 kB
.svelte-kit/output/client/_app/immutable/chunks/DlPsH3OO.js                                               1.60 kB │ gzip:   0.89 kB
.svelte-kit/output/client/_app/immutable/chunks/CJNif5Em.js                                               1.61 kB │ gzip:   0.84 kB
.svelte-kit/output/client/_app/immutable/chunks/CgNiCFzV.js                                               1.61 kB │ gzip:   0.92 kB
.svelte-kit/output/client/_app/immutable/chunks/DCBeb9Hq.js                                               1.61 kB │ gzip:   0.72 kB
.svelte-kit/output/client/_app/immutable/chunks/DVLWFcSf.js                                               1.62 kB │ gzip:   0.66 kB
.svelte-kit/output/client/_app/immutable/chunks/BTJI8Qv2.js                                               1.62 kB │ gzip:   0.87 kB
.svelte-kit/output/client/_app/immutable/chunks/R4sQ-3Hc.js                                               1.64 kB │ gzip:   0.68 kB
.svelte-kit/output/client/_app/immutable/chunks/CkCIZC_b.js                                               1.64 kB │ gzip:   0.50 kB
.svelte-kit/output/client/_app/immutable/chunks/SAfHI1_s.js                                               1.64 kB │ gzip:   0.87 kB
.svelte-kit/output/client/_app/immutable/chunks/BWB-mQg0.js                                               1.66 kB │ gzip:   0.50 kB
.svelte-kit/output/client/_app/immutable/chunks/CnB8rmMU.js                                               1.67 kB │ gzip:   0.87 kB
.svelte-kit/output/client/_app/immutable/chunks/Bn-T-K9x.js                                               1.67 kB │ gzip:   0.89 kB
.svelte-kit/output/client/_app/immutable/chunks/DzLxZZEa.js                                               1.67 kB │ gzip:   0.86 kB
.svelte-kit/output/client/_app/immutable/nodes/8.B9ui_bXP.js                                              1.68 kB │ gzip:   0.91 kB
.svelte-kit/output/client/_app/immutable/chunks/BJRIFK6L.js                                               1.69 kB │ gzip:   0.87 kB
.svelte-kit/output/client/_app/immutable/chunks/Cz-K3Sdm.js                                               1.70 kB │ gzip:   0.95 kB
.svelte-kit/output/client/_app/immutable/chunks/x7rZilV0.js                                               1.70 kB │ gzip:   0.95 kB
.svelte-kit/output/client/_app/immutable/chunks/BrKvIAE2.js                                               1.71 kB │ gzip:   0.91 kB
.svelte-kit/output/client/_app/immutable/chunks/DMZerxYZ.js                                               1.71 kB │ gzip:   0.91 kB
.svelte-kit/output/client/_app/immutable/chunks/CB_ZLPBw.js                                               1.71 kB │ gzip:   0.85 kB
.svelte-kit/output/client/_app/immutable/chunks/IyjqRm3v.js                                               1.73 kB │ gzip:   0.59 kB
.svelte-kit/output/client/_app/immutable/chunks/CifskHiq.js                                               1.75 kB │ gzip:   0.67 kB
.svelte-kit/output/client/_app/immutable/chunks/Da_h2Ygr.js                                               1.76 kB │ gzip:   0.86 kB
.svelte-kit/output/client/_app/immutable/chunks/CL9DvqTq.js                                               1.77 kB │ gzip:   0.95 kB
.svelte-kit/output/client/_app/immutable/chunks/5T52Vtm1.js                                               1.80 kB │ gzip:   0.74 kB
.svelte-kit/output/client/_app/immutable/chunks/DW5FW7lc.js                                               1.81 kB │ gzip:   0.88 kB
.svelte-kit/output/client/_app/immutable/chunks/B-giwNC8.js                                               1.82 kB │ gzip:   0.87 kB
.svelte-kit/output/client/_app/immutable/chunks/Dlh5hvp9.js                                               1.82 kB │ gzip:   0.75 kB
.svelte-kit/output/client/_app/immutable/chunks/OgPUcowd.js                                               1.83 kB │ gzip:   0.87 kB
.svelte-kit/output/client/_app/immutable/chunks/BcsJoO43.js                                               1.83 kB │ gzip:   0.94 kB
.svelte-kit/output/client/_app/immutable/chunks/DAJPcK-y.js                                               1.83 kB │ gzip:   0.90 kB
.svelte-kit/output/client/_app/immutable/chunks/Ev1LLIrE.js                                               1.86 kB │ gzip:   0.96 kB
.svelte-kit/output/client/_app/immutable/chunks/BGFcyiXM.js                                               1.86 kB │ gzip:   0.78 kB
.svelte-kit/output/client/_app/immutable/chunks/IBe_yQIn.js                                               1.87 kB │ gzip:   0.89 kB
.svelte-kit/output/client/_app/immutable/chunks/Bczc5xTa.js                                               1.88 kB │ gzip:   0.89 kB
.svelte-kit/output/client/_app/immutable/chunks/KRSw3f2r.js                                               1.89 kB │ gzip:   0.97 kB
.svelte-kit/output/client/_app/immutable/chunks/dniFFZM8.js                                               1.89 kB │ gzip:   0.92 kB
.svelte-kit/output/client/_app/immutable/chunks/DN4TR9oH.js                                               1.91 kB │ gzip:   1.00 kB
.svelte-kit/output/client/_app/immutable/nodes/4.B8lmSj6s.js                                              1.91 kB │ gzip:   1.02 kB
.svelte-kit/output/client/_app/immutable/chunks/ejIphM7R.js                                               1.92 kB │ gzip:   0.98 kB
.svelte-kit/output/client/_app/immutable/chunks/DPbhQVuj.js                                               1.94 kB │ gzip:   1.14 kB
.svelte-kit/output/client/_app/immutable/chunks/ChEfu6li.js                                               1.95 kB │ gzip:   0.87 kB
.svelte-kit/output/client/_app/immutable/chunks/SehOGTa1.js                                               1.95 kB │ gzip:   0.88 kB
.svelte-kit/output/client/_app/immutable/chunks/LmyYxMz9.js                                               1.96 kB │ gzip:   0.59 kB
.svelte-kit/output/client/_app/immutable/chunks/bRUvsqZ4.js                                               1.98 kB │ gzip:   0.90 kB
.svelte-kit/output/client/_app/immutable/nodes/27.S84y0k0P.js                                             1.99 kB │ gzip:   0.99 kB
.svelte-kit/output/client/_app/immutable/chunks/CIDo_0Ao.js                                               2.00 kB │ gzip:   1.00 kB
.svelte-kit/output/client/_app/immutable/chunks/Dv1Yu7hV.js                                               2.02 kB │ gzip:   1.06 kB
.svelte-kit/output/client/_app/immutable/chunks/D5hg3luu.js                                               2.02 kB │ gzip:   1.00 kB
.svelte-kit/output/client/_app/immutable/chunks/b-4uPxt_.js                                               2.04 kB │ gzip:   1.03 kB
.svelte-kit/output/client/_app/immutable/chunks/B9TzPf3h.js                                               2.05 kB │ gzip:   1.06 kB
.svelte-kit/output/client/_app/immutable/chunks/Dn8Ecjov.js                                               2.08 kB │ gzip:   0.70 kB
.svelte-kit/output/client/_app/immutable/nodes/16.BBiliFGQ.js                                             2.08 kB │ gzip:   1.01 kB
.svelte-kit/output/client/_app/immutable/chunks/CMUkCrJ3.js                                               2.08 kB │ gzip:   0.89 kB
.svelte-kit/output/client/_app/immutable/chunks/BavfLLhW.js                                               2.09 kB │ gzip:   1.05 kB
.svelte-kit/output/client/_app/immutable/chunks/CkuZyHl2.js                                               2.10 kB │ gzip:   0.99 kB
.svelte-kit/output/client/_app/immutable/chunks/CyqV3LNB.js                                               2.11 kB │ gzip:   1.03 kB
.svelte-kit/output/client/_app/immutable/chunks/DuGS1h6M.js                                               2.12 kB │ gzip:   0.61 kB
.svelte-kit/output/client/_app/immutable/chunks/CM_FcTum.js                                               2.13 kB │ gzip:   0.88 kB
.svelte-kit/output/client/_app/immutable/chunks/C8pVoKbM.js                                               2.15 kB │ gzip:   1.08 kB
.svelte-kit/output/client/_app/immutable/chunks/BUHmEVFZ.js                                               2.16 kB │ gzip:   0.88 kB
.svelte-kit/output/client/_app/immutable/chunks/CqcHmEJs.js                                               2.16 kB │ gzip:   0.97 kB
.svelte-kit/output/client/_app/immutable/chunks/Dc6PQolD.js                                               2.18 kB │ gzip:   1.13 kB
.svelte-kit/output/client/_app/immutable/chunks/BaE4uqHF.js                                               2.18 kB │ gzip:   0.86 kB
.svelte-kit/output/client/_app/immutable/chunks/D0M0TLGD.js                                               2.19 kB │ gzip:   1.12 kB
.svelte-kit/output/client/_app/immutable/chunks/DKbf1IsL.js                                               2.20 kB │ gzip:   1.17 kB
.svelte-kit/output/client/_app/immutable/chunks/CdJGK5p5.js                                               2.20 kB │ gzip:   1.02 kB
.svelte-kit/output/client/_app/immutable/chunks/DXw9l8Rf.js                                               2.23 kB │ gzip:   0.61 kB
.svelte-kit/output/client/_app/immutable/chunks/gt4eeUEI.js                                               2.24 kB │ gzip:   1.12 kB
.svelte-kit/output/client/_app/immutable/chunks/BQ0OkYlk.js                                               2.27 kB │ gzip:   1.09 kB
.svelte-kit/output/client/_app/immutable/chunks/V2PzDzCX.js                                               2.27 kB │ gzip:   0.66 kB
.svelte-kit/output/client/_app/immutable/chunks/Bszyuapz.js                                               2.29 kB │ gzip:   0.92 kB
.svelte-kit/output/client/_app/immutable/chunks/CyMoGGEp.js                                               2.31 kB │ gzip:   1.08 kB
.svelte-kit/output/client/_app/immutable/chunks/BFtm-jBY.js                                               2.32 kB │ gzip:   0.90 kB
.svelte-kit/output/client/_app/immutable/chunks/CRGYupPL.js                                               2.33 kB │ gzip:   0.69 kB
.svelte-kit/output/client/_app/immutable/chunks/DC9yqphT.js                                               2.35 kB │ gzip:   0.80 kB
.svelte-kit/output/client/_app/immutable/chunks/BmVz0mIK.js                                               2.36 kB │ gzip:   0.93 kB
.svelte-kit/output/client/_app/immutable/chunks/byIQ0O-L.js                                               2.41 kB │ gzip:   1.26 kB
.svelte-kit/output/client/_app/immutable/nodes/23.CuPqVcuQ.js                                             2.44 kB │ gzip:   1.20 kB
.svelte-kit/output/client/_app/immutable/chunks/CisfsSXl.js                                               2.49 kB │ gzip:   1.16 kB
.svelte-kit/output/client/_app/immutable/chunks/8ShGqF58.js                                               2.53 kB │ gzip:   0.99 kB
.svelte-kit/output/client/_app/immutable/chunks/DPDFVVvA.js                                               2.56 kB │ gzip:   1.09 kB
.svelte-kit/output/client/_app/immutable/chunks/woXpYk--.js                                               2.56 kB │ gzip:   0.68 kB
.svelte-kit/output/client/_app/immutable/chunks/C4hVHzkQ.js                                               2.56 kB │ gzip:   0.97 kB
.svelte-kit/output/client/_app/immutable/chunks/CSRkHgEL.js                                               2.57 kB │ gzip:   0.81 kB
.svelte-kit/output/client/_app/immutable/chunks/CZbG8q4J.js                                               2.64 kB │ gzip:   1.17 kB
.svelte-kit/output/client/_app/immutable/chunks/DraCe9_T.js                                               2.64 kB │ gzip:   1.28 kB
.svelte-kit/output/client/_app/immutable/chunks/CVw2krvF.js                                               2.65 kB │ gzip:   1.04 kB
.svelte-kit/output/client/_app/immutable/chunks/DJ27GcQN.js                                               2.66 kB │ gzip:   1.33 kB
.svelte-kit/output/client/_app/immutable/chunks/CTHSFi26.js                                               2.74 kB │ gzip:   1.04 kB
.svelte-kit/output/client/_app/immutable/chunks/Bq1zKlb5.js                                               2.77 kB │ gzip:   1.25 kB
.svelte-kit/output/client/_app/immutable/chunks/ClI6kXXg.js                                               2.77 kB │ gzip:   1.24 kB
.svelte-kit/output/client/_app/immutable/chunks/UziSNGFF.js                                               2.81 kB │ gzip:   1.37 kB
.svelte-kit/output/client/_app/immutable/chunks/BUDT5pXO.js                                               2.81 kB │ gzip:   1.00 kB
.svelte-kit/output/client/_app/immutable/chunks/s2iRV4ws.js                                               2.83 kB │ gzip:   1.30 kB
.svelte-kit/output/client/_app/immutable/chunks/DfxTUooe.js                                               2.84 kB │ gzip:   1.44 kB
.svelte-kit/output/client/_app/immutable/chunks/BNLmms1o.js                                               2.84 kB │ gzip:   0.89 kB
.svelte-kit/output/client/_app/immutable/chunks/Cp5y-YJe.js                                               2.87 kB │ gzip:   0.81 kB
.svelte-kit/output/client/_app/immutable/chunks/CA96_NUW.js                                               2.92 kB │ gzip:   0.79 kB
.svelte-kit/output/client/_app/immutable/chunks/DKpUyyne.js                                               2.99 kB │ gzip:   0.80 kB
.svelte-kit/output/client/_app/immutable/chunks/CmCQp5Yx.js                                               3.00 kB │ gzip:   0.78 kB
.svelte-kit/output/client/_app/immutable/chunks/CYpm1nAK.js                                               3.10 kB │ gzip:   0.78 kB
.svelte-kit/output/client/_app/immutable/chunks/Cluzi2Zq.js                                               3.12 kB │ gzip:   1.46 kB
.svelte-kit/output/client/_app/immutable/chunks/C1LVOi02.js                                               3.12 kB │ gzip:   1.19 kB
.svelte-kit/output/client/_app/immutable/chunks/DPmVDdj2.js                                               3.13 kB │ gzip:   1.01 kB
.svelte-kit/output/client/_app/immutable/chunks/CdJ-jk-Y.js                                               3.17 kB │ gzip:   1.31 kB
.svelte-kit/output/client/_app/immutable/chunks/CCkm6IW2.js                                               3.18 kB │ gzip:   1.23 kB
.svelte-kit/output/client/_app/immutable/chunks/8Vi3MMmU.js                                               3.19 kB │ gzip:   1.49 kB
.svelte-kit/output/client/_app/immutable/chunks/DKi_G68l.js                                               3.20 kB │ gzip:   1.11 kB
.svelte-kit/output/client/_app/immutable/chunks/BiJDBrnU.js                                               3.23 kB │ gzip:   0.90 kB
.svelte-kit/output/client/_app/immutable/chunks/DCLnUAmK.js                                               3.24 kB │ gzip:   1.57 kB
.svelte-kit/output/client/_app/immutable/chunks/BR5RXkoi.js                                               3.24 kB │ gzip:   0.82 kB
.svelte-kit/output/client/_app/immutable/chunks/BMqwQI7S.js                                               3.25 kB │ gzip:   1.17 kB
.svelte-kit/output/client/_app/immutable/chunks/DpMQKe6v.js                                               3.27 kB │ gzip:   1.06 kB
.svelte-kit/output/client/_app/immutable/chunks/DMoTqEGO.js                                               3.28 kB │ gzip:   0.84 kB
.svelte-kit/output/client/_app/immutable/chunks/C0MpOrj4.js                                               3.30 kB │ gzip:   0.72 kB
.svelte-kit/output/client/_app/immutable/chunks/8X8XAFJc.js                                               3.30 kB │ gzip:   1.48 kB
.svelte-kit/output/client/_app/immutable/chunks/CV2tkWYe.js                                               3.34 kB │ gzip:   1.20 kB
.svelte-kit/output/client/_app/immutable/chunks/BtDbiS_P.js                                               3.36 kB │ gzip:   1.10 kB
.svelte-kit/output/client/_app/immutable/chunks/zf12oZj6.js                                               3.36 kB │ gzip:   1.18 kB
.svelte-kit/output/client/_app/immutable/chunks/C9fsdqFq.js                                               3.40 kB │ gzip:   1.61 kB
.svelte-kit/output/client/_app/immutable/chunks/CcKFMRNm.js                                               3.41 kB │ gzip:   1.60 kB
.svelte-kit/output/client/_app/immutable/chunks/Xqum2ppD.js                                               3.42 kB │ gzip:   1.03 kB
.svelte-kit/output/client/_app/immutable/chunks/BC2Px7Mm.js                                               3.42 kB │ gzip:   1.51 kB
.svelte-kit/output/client/_app/immutable/chunks/HL0vyCwB.js                                               3.43 kB │ gzip:   1.52 kB
.svelte-kit/output/client/_app/immutable/chunks/Bbd4TmPr.js                                               3.44 kB │ gzip:   0.95 kB
.svelte-kit/output/client/_app/immutable/chunks/COV1E4lg.js                                               3.48 kB │ gzip:   1.02 kB
.svelte-kit/output/client/_app/immutable/chunks/Bx91Zils.js                                               3.49 kB │ gzip:   1.08 kB
.svelte-kit/output/client/_app/immutable/chunks/B3zeLRQ0.js                                               3.54 kB │ gzip:   1.60 kB
.svelte-kit/output/client/_app/immutable/chunks/DnmCkSWi.js                                               3.57 kB │ gzip:   1.30 kB
.svelte-kit/output/client/_app/immutable/chunks/DgQFn_Ra.js                                               3.58 kB │ gzip:   1.28 kB
.svelte-kit/output/client/_app/immutable/chunks/Co1OllSh.js                                               3.58 kB │ gzip:   1.54 kB
.svelte-kit/output/client/_app/immutable/chunks/BCLvKrWe.js                                               3.60 kB │ gzip:   1.52 kB
.svelte-kit/output/client/_app/immutable/chunks/C03EYrpw.js                                               3.60 kB │ gzip:   0.89 kB
.svelte-kit/output/client/_app/immutable/chunks/048qhnuu.js                                               3.60 kB │ gzip:   1.57 kB
.svelte-kit/output/client/_app/immutable/chunks/BgfXC-Er.js                                               3.61 kB │ gzip:   1.59 kB
.svelte-kit/output/client/_app/immutable/chunks/CJTPZ8u_.js                                               3.61 kB │ gzip:   1.03 kB
.svelte-kit/output/client/_app/immutable/chunks/CsD5j6eV.js                                               3.62 kB │ gzip:   1.03 kB
.svelte-kit/output/client/_app/immutable/chunks/_X_XdTYD.js                                               3.66 kB │ gzip:   1.09 kB
.svelte-kit/output/client/_app/immutable/chunks/Ds2j86fC.js                                               3.68 kB │ gzip:   1.44 kB
.svelte-kit/output/client/_app/immutable/chunks/ByJddavk.js                                               3.69 kB │ gzip:   0.96 kB
.svelte-kit/output/client/_app/immutable/nodes/21.BWtqQBoh.js                                             3.75 kB │ gzip:   1.69 kB
.svelte-kit/output/client/_app/immutable/chunks/BnlCZFoB.js                                               3.90 kB │ gzip:   1.28 kB
.svelte-kit/output/client/_app/immutable/chunks/DHXCUNmr.js                                               3.90 kB │ gzip:   1.92 kB
.svelte-kit/output/client/_app/immutable/chunks/VUp2lXgN.js                                               3.90 kB │ gzip:   0.97 kB
.svelte-kit/output/client/_app/immutable/chunks/Bc4fshCr.js                                               3.93 kB │ gzip:   1.99 kB
.svelte-kit/output/client/_app/immutable/chunks/G5AfLsJe.js                                               3.93 kB │ gzip:   1.44 kB
.svelte-kit/output/client/_app/immutable/chunks/DjNdPCkX.js                                               3.98 kB │ gzip:   1.73 kB
.svelte-kit/output/client/_app/immutable/chunks/ilITqXS6.js                                               3.99 kB │ gzip:   1.47 kB
.svelte-kit/output/client/_app/immutable/nodes/29.BA7HeJJA.js                                             4.01 kB │ gzip:   1.96 kB
.svelte-kit/output/client/_app/immutable/chunks/BXC7e20R.js                                               4.07 kB │ gzip:   1.35 kB
.svelte-kit/output/client/_app/immutable/chunks/CXYjDqDp.js                                               4.13 kB │ gzip:   1.77 kB
.svelte-kit/output/client/_app/immutable/chunks/4ZHwLPI5.js                                               4.14 kB │ gzip:   1.67 kB
.svelte-kit/output/client/_app/immutable/nodes/28.Cgdd7IFp.js                                             4.15 kB │ gzip:   1.66 kB
.svelte-kit/output/client/_app/immutable/chunks/CYTDGxr0.js                                               4.18 kB │ gzip:   1.71 kB
.svelte-kit/output/client/_app/immutable/chunks/CxQ4pwAz.js                                               4.30 kB │ gzip:   1.63 kB
.svelte-kit/output/client/_app/immutable/nodes/30.BmeqVSZh.js                                             4.31 kB │ gzip:   1.58 kB
.svelte-kit/output/client/_app/immutable/chunks/Dt96agVR.js                                               4.34 kB │ gzip:   1.66 kB
.svelte-kit/output/client/_app/immutable/chunks/uy4dubMv.js                                               4.38 kB │ gzip:   1.04 kB
.svelte-kit/output/client/_app/immutable/chunks/CZd0xW_V.js                                               4.42 kB │ gzip:   1.50 kB
.svelte-kit/output/client/_app/immutable/chunks/C5JeTiTv.js                                               4.49 kB │ gzip:   1.15 kB
.svelte-kit/output/client/_app/immutable/nodes/20.BngpI3J7.js                                             4.51 kB │ gzip:   2.05 kB
.svelte-kit/output/client/_app/immutable/chunks/CAekHB0j.js                                               4.51 kB │ gzip:   1.05 kB
.svelte-kit/output/client/_app/immutable/chunks/C7UOKdEL.js                                               4.66 kB │ gzip:   1.12 kB
.svelte-kit/output/client/_app/immutable/chunks/T4db7VCI.js                                               4.68 kB │ gzip:   1.57 kB
.svelte-kit/output/client/_app/immutable/chunks/C41DoHoZ.js                                               4.68 kB │ gzip:   1.96 kB
.svelte-kit/output/client/_app/immutable/chunks/bTVj8UrX.js                                               4.69 kB │ gzip:   2.00 kB
.svelte-kit/output/client/_app/immutable/chunks/CbLsLu55.js                                               4.71 kB │ gzip:   1.63 kB
.svelte-kit/output/client/_app/immutable/chunks/BJ3TS103.js                                               4.73 kB │ gzip:   1.97 kB
.svelte-kit/output/client/_app/immutable/chunks/DQxkIbk2.js                                               4.76 kB │ gzip:   1.53 kB
.svelte-kit/output/client/_app/immutable/chunks/Ci_nEsc7.js                                               4.78 kB │ gzip:   0.83 kB
.svelte-kit/output/client/_app/immutable/chunks/D3xwVZeY.js                                               4.81 kB │ gzip:   1.73 kB
.svelte-kit/output/client/_app/immutable/chunks/CgwRDREm.js                                               4.86 kB │ gzip:   2.05 kB
.svelte-kit/output/client/_app/immutable/chunks/Bl052uUt.js                                               4.90 kB │ gzip:   1.94 kB
.svelte-kit/output/client/_app/immutable/chunks/DSq3rSjB.js                                               4.90 kB │ gzip:   2.41 kB
.svelte-kit/output/client/_app/immutable/nodes/2.DBUJGkz4.js                                              4.96 kB │ gzip:   1.98 kB
.svelte-kit/output/client/_app/immutable/chunks/DqHOMS-s.js                                               5.03 kB │ gzip:   2.01 kB
.svelte-kit/output/client/_app/immutable/nodes/10.hEzdWJ0a.js                                             5.12 kB │ gzip:   2.33 kB
.svelte-kit/output/client/_app/immutable/chunks/-ZXS7L_f.js                                               5.12 kB │ gzip:   1.73 kB
.svelte-kit/output/client/_app/immutable/chunks/BsKzXJz4.js                                               5.13 kB │ gzip:   1.38 kB
.svelte-kit/output/client/_app/immutable/chunks/CwZkR5es.js                                               5.21 kB │ gzip:   2.17 kB
.svelte-kit/output/client/_app/immutable/chunks/BCNUyKfg.js                                               5.26 kB │ gzip:   1.32 kB
.svelte-kit/output/client/_app/immutable/chunks/ChRtAoqB.js                                               5.32 kB │ gzip:   1.37 kB
.svelte-kit/output/client/_app/immutable/chunks/DLZSg9F5.js                                               5.32 kB │ gzip:   2.30 kB
.svelte-kit/output/client/_app/immutable/chunks/CMLA9XwU.js                                               5.33 kB │ gzip:   1.55 kB
.svelte-kit/output/client/_app/immutable/chunks/BkyTk9wS.js                                               5.35 kB │ gzip:   2.21 kB
.svelte-kit/output/client/_app/immutable/chunks/eg6-2Bm_.js                                               5.36 kB │ gzip:   1.67 kB
.svelte-kit/output/client/_app/immutable/chunks/CUHmPFLl.js                                               5.37 kB │ gzip:   1.14 kB
.svelte-kit/output/client/_app/immutable/chunks/DZXEPr72.js                                               5.42 kB │ gzip:   1.23 kB
.svelte-kit/output/client/_app/immutable/chunks/m6nQe0dI.js                                               5.44 kB │ gzip:   2.26 kB
.svelte-kit/output/client/_app/immutable/chunks/BWXHIvNe.js                                               5.45 kB │ gzip:   1.37 kB
.svelte-kit/output/client/_app/immutable/chunks/CoRGU80-.js                                               5.62 kB │ gzip:   1.36 kB
.svelte-kit/output/client/_app/immutable/chunks/CewbzKMR.js                                               5.77 kB │ gzip:   1.91 kB
.svelte-kit/output/client/_app/immutable/chunks/DNMTfnFr.js                                               5.89 kB │ gzip:   1.51 kB
.svelte-kit/output/client/_app/immutable/chunks/4Rifxk1h.js                                               5.91 kB │ gzip:   2.08 kB
.svelte-kit/output/client/_app/immutable/chunks/ClKdZ_lG.js                                               5.94 kB │ gzip:   1.71 kB
.svelte-kit/output/client/_app/immutable/chunks/DzYcFFKw.js                                               6.01 kB │ gzip:   2.27 kB
.svelte-kit/output/client/_app/immutable/chunks/Y5urAfNy.js                                               6.01 kB │ gzip:   2.27 kB
.svelte-kit/output/client/_app/immutable/chunks/DuBRPxYg.js                                               6.03 kB │ gzip:   1.95 kB
.svelte-kit/output/client/_app/immutable/chunks/EIuDvn1D.js                                               6.06 kB │ gzip:   2.38 kB
.svelte-kit/output/client/_app/immutable/chunks/DOwzaHZ0.js                                               6.06 kB │ gzip:   2.32 kB
.svelte-kit/output/client/_app/immutable/chunks/BpBJSoyY.js                                               6.07 kB │ gzip:   2.19 kB
.svelte-kit/output/client/_app/immutable/chunks/BSWPekZh.js                                               6.28 kB │ gzip:   1.70 kB
.svelte-kit/output/client/_app/immutable/chunks/CBce3t8t.js                                               6.31 kB │ gzip:   1.72 kB
.svelte-kit/output/client/_app/immutable/chunks/4CJ0cIlV.js                                               6.35 kB │ gzip:   1.80 kB
.svelte-kit/output/client/_app/immutable/chunks/B2gwz-sJ.js                                               6.40 kB │ gzip:   1.92 kB
.svelte-kit/output/client/_app/immutable/chunks/DqKBuwfJ.js                                               6.40 kB │ gzip:   1.41 kB
.svelte-kit/output/client/_app/immutable/chunks/BXeXVLqQ.js                                               6.41 kB │ gzip:   1.90 kB
.svelte-kit/output/client/_app/immutable/chunks/DX1BQOs8.js                                               6.41 kB │ gzip:   1.63 kB
.svelte-kit/output/client/_app/immutable/chunks/CcmNWLt0.js                                               6.41 kB │ gzip:   1.28 kB
.svelte-kit/output/client/_app/immutable/chunks/DB4EqR-F.js                                               6.54 kB │ gzip:   1.41 kB
.svelte-kit/output/client/_app/immutable/chunks/CDI4W71p.js                                               6.62 kB │ gzip:   1.85 kB
.svelte-kit/output/client/_app/immutable/chunks/C1IUL_tW.js                                               6.62 kB │ gzip:   1.74 kB
.svelte-kit/output/client/_app/immutable/chunks/CohzipZa.js                                               6.75 kB │ gzip:   1.48 kB
.svelte-kit/output/client/_app/immutable/chunks/D4DZuGyf.js                                               6.78 kB │ gzip:   1.87 kB
.svelte-kit/output/client/_app/immutable/chunks/Ckw8ddFX.js                                               6.90 kB │ gzip:   1.97 kB
.svelte-kit/output/client/_app/immutable/chunks/DMhq2aVH.js                                               6.91 kB │ gzip:   1.62 kB
.svelte-kit/output/client/_app/immutable/chunks/DDpmG2fV.js                                               6.96 kB │ gzip:   1.88 kB
.svelte-kit/output/client/_app/immutable/chunks/UdsmMDCL.js                                               6.99 kB │ gzip:   1.81 kB
.svelte-kit/output/client/_app/immutable/nodes/7.B9R8SY14.js                                              7.11 kB │ gzip:   2.87 kB
.svelte-kit/output/client/_app/immutable/chunks/DQCgrYNe.js                                               7.16 kB │ gzip:   2.04 kB
.svelte-kit/output/client/_app/immutable/nodes/22.C5dkVegx.js                                             7.23 kB │ gzip:   2.64 kB
.svelte-kit/output/client/_app/immutable/chunks/DmAWYMnY.js                                               7.23 kB │ gzip:   2.57 kB
.svelte-kit/output/client/_app/immutable/chunks/Cvrh5tZx.js                                               7.25 kB │ gzip:   2.18 kB
.svelte-kit/output/client/_app/immutable/chunks/YexZP8H8.js                                               7.31 kB │ gzip:   2.23 kB
.svelte-kit/output/client/_app/immutable/chunks/Dv86WVEt.js                                               7.36 kB │ gzip:   2.97 kB
.svelte-kit/output/client/_app/immutable/chunks/4yENdPO1.js                                               7.40 kB │ gzip:   2.26 kB
.svelte-kit/output/client/_app/immutable/chunks/Fe1Jh2GI.js                                               7.46 kB │ gzip:   2.57 kB
.svelte-kit/output/client/_app/immutable/chunks/ClWDq_8m.js                                               7.55 kB │ gzip:   3.15 kB
.svelte-kit/output/client/_app/immutable/chunks/As80ADfb.js                                               7.62 kB │ gzip:   2.57 kB
.svelte-kit/output/client/_app/immutable/chunks/DMgNhnYS.js                                               7.73 kB │ gzip:   1.48 kB
.svelte-kit/output/client/_app/immutable/chunks/DXsxUKoY.js                                               7.85 kB │ gzip:   2.54 kB
.svelte-kit/output/client/_app/immutable/chunks/BxMlprV5.js                                               7.86 kB │ gzip:   2.54 kB
.svelte-kit/output/client/_app/immutable/nodes/24.BCiVjK3K.js                                             7.89 kB │ gzip:   3.09 kB
.svelte-kit/output/client/_app/immutable/chunks/C47qn2u_.js                                               7.92 kB │ gzip:   2.67 kB
.svelte-kit/output/client/_app/immutable/chunks/B_bV9PQ9.js                                               8.02 kB │ gzip:   1.93 kB
.svelte-kit/output/client/_app/immutable/chunks/D0iMoLMB.js                                               8.03 kB │ gzip:   1.45 kB
.svelte-kit/output/client/_app/immutable/chunks/DG3NoqRg.js                                               8.04 kB │ gzip:   3.05 kB
.svelte-kit/output/client/_app/immutable/chunks/CDd-pwdh.js                                               8.25 kB │ gzip:   3.09 kB
.svelte-kit/output/client/_app/immutable/chunks/CvII7bbI.js                                               8.30 kB │ gzip:   1.84 kB
.svelte-kit/output/client/_app/immutable/chunks/CrM4Kzgz.js                                               8.37 kB │ gzip:   3.10 kB
.svelte-kit/output/client/_app/immutable/chunks/DmSAzd2n.js                                               8.46 kB │ gzip:   1.68 kB
.svelte-kit/output/client/_app/immutable/chunks/DGHpHOYJ.js                                               8.50 kB │ gzip:   2.99 kB
.svelte-kit/output/client/_app/immutable/chunks/CnvKMtbv.js                                               8.61 kB │ gzip:   1.99 kB
.svelte-kit/output/client/_app/immutable/nodes/15.o1R7NdYs.js                                             8.68 kB │ gzip:   3.48 kB
.svelte-kit/output/client/_app/immutable/chunks/CE9ld1lL.js                                               8.77 kB │ gzip:   1.94 kB
.svelte-kit/output/client/_app/immutable/chunks/DhhofPvG.js                                               8.77 kB │ gzip:   2.12 kB
.svelte-kit/output/client/_app/immutable/chunks/DSNQnXHK.js                                               8.78 kB │ gzip:   1.96 kB
.svelte-kit/output/client/_app/immutable/chunks/Dixweg8N.js                                               8.95 kB │ gzip:   1.76 kB
.svelte-kit/output/client/_app/immutable/chunks/vGVdxbeo.js                                               9.01 kB │ gzip:   2.35 kB
.svelte-kit/output/client/_app/immutable/nodes/3.Dawv2g0J.js                                              9.06 kB │ gzip:   2.59 kB
.svelte-kit/output/client/_app/immutable/chunks/Fd0NR9zb.js                                               9.06 kB │ gzip:   3.81 kB
.svelte-kit/output/client/_app/immutable/chunks/Cs2F2srj.js                                               9.09 kB │ gzip:   2.10 kB
.svelte-kit/output/client/_app/immutable/chunks/DnToyrRv.js                                               9.11 kB │ gzip:   1.96 kB
.svelte-kit/output/client/_app/immutable/chunks/Dgaz7aur.js                                               9.12 kB │ gzip:   1.51 kB
.svelte-kit/output/client/_app/immutable/chunks/DXrisJhu.js                                               9.28 kB │ gzip:   2.48 kB
.svelte-kit/output/client/_app/immutable/chunks/DQwYfKfQ.js                                               9.29 kB │ gzip:   1.96 kB
.svelte-kit/output/client/_app/immutable/chunks/CQus2l83.js                                               9.33 kB │ gzip:   2.89 kB
.svelte-kit/output/client/_app/immutable/chunks/C-GF-7zY.js                                               9.39 kB │ gzip:   3.82 kB
.svelte-kit/output/client/_app/immutable/chunks/B2OO5cIa.js                                               9.42 kB │ gzip:   2.08 kB
.svelte-kit/output/client/_app/immutable/chunks/b17qLL9c.js                                               9.42 kB │ gzip:   3.97 kB
.svelte-kit/output/client/_app/immutable/chunks/BYpltu6W.js                                               9.68 kB │ gzip:   1.86 kB
.svelte-kit/output/client/_app/immutable/chunks/Db8ZRI78.js                                               9.71 kB │ gzip:   3.09 kB
.svelte-kit/output/client/_app/immutable/chunks/94KK1QN6.js                                               9.76 kB │ gzip:   2.21 kB
.svelte-kit/output/client/_app/immutable/chunks/Bj61d0ZC.js                                               9.84 kB │ gzip:   3.37 kB
.svelte-kit/output/client/_app/immutable/chunks/DVQuIRkW.js                                               9.93 kB │ gzip:   2.27 kB
.svelte-kit/output/client/_app/immutable/chunks/Dh228itO.js                                              10.04 kB │ gzip:   1.93 kB
.svelte-kit/output/client/_app/immutable/chunks/C3kx-N7b.js                                              10.07 kB │ gzip:   2.83 kB
.svelte-kit/output/client/_app/immutable/chunks/CUNNN1IS.js                                              10.24 kB │ gzip:   2.21 kB
.svelte-kit/output/client/_app/immutable/chunks/Cv7u_K_F.js                                              10.24 kB │ gzip:   2.78 kB
.svelte-kit/output/client/_app/immutable/chunks/BlylnH_r.js                                              10.27 kB │ gzip:   3.70 kB
.svelte-kit/output/client/_app/immutable/chunks/DQvzWmeH.js                                              10.31 kB │ gzip:   2.92 kB
.svelte-kit/output/client/_app/immutable/chunks/ot-7Btpt.js                                              10.36 kB │ gzip:   1.37 kB
.svelte-kit/output/client/_app/immutable/chunks/D-usSTwE.js                                              10.36 kB │ gzip:   1.43 kB
.svelte-kit/output/client/_app/immutable/chunks/DJMQeKeT.js                                              10.43 kB │ gzip:   2.13 kB
.svelte-kit/output/client/_app/immutable/chunks/DW3nJb8Q.js                                              10.46 kB │ gzip:   2.25 kB
.svelte-kit/output/client/_app/immutable/chunks/B3gFvitq.js                                              10.46 kB │ gzip:   2.94 kB
.svelte-kit/output/client/_app/immutable/chunks/Bky6fOYQ.js                                              10.55 kB │ gzip:   2.30 kB
.svelte-kit/output/client/_app/immutable/chunks/zXWig3i9.js                                              10.66 kB │ gzip:   3.43 kB
.svelte-kit/output/client/_app/immutable/chunks/oWP401Qp.js                                              10.78 kB │ gzip:   2.59 kB
.svelte-kit/output/client/_app/immutable/chunks/BJ5XuW7r.js                                              10.94 kB │ gzip:   2.09 kB
.svelte-kit/output/client/_app/immutable/chunks/lbpi-LzZ.js                                              11.01 kB │ gzip:   4.22 kB
.svelte-kit/output/client/_app/immutable/chunks/CDkwyAwm.js                                              11.10 kB │ gzip:   4.37 kB
.svelte-kit/output/client/_app/immutable/chunks/EUqPIrTm.js                                              11.18 kB │ gzip:   2.49 kB
.svelte-kit/output/client/_app/immutable/chunks/iXnhIJG7.js                                              11.34 kB │ gzip:   3.84 kB
.svelte-kit/output/client/_app/immutable/chunks/DswuEJGm.js                                              11.38 kB │ gzip:   2.51 kB
.svelte-kit/output/client/_app/immutable/chunks/C-LZuMrd.js                                              11.40 kB │ gzip:   2.53 kB
.svelte-kit/output/client/_app/immutable/chunks/CDv2pdJW.js                                              11.43 kB │ gzip:   2.10 kB
.svelte-kit/output/client/_app/immutable/chunks/C_8bwKvT.js                                              11.49 kB │ gzip:   2.57 kB
.svelte-kit/output/client/_app/immutable/chunks/Cmj8RZVl.js                                              11.60 kB │ gzip:   3.43 kB
.svelte-kit/output/client/_app/immutable/chunks/CRI7RYFV.js                                              11.79 kB │ gzip:   4.40 kB
.svelte-kit/output/client/_app/immutable/chunks/B5YmivYP.js                                              11.86 kB │ gzip:   3.62 kB
.svelte-kit/output/client/_app/immutable/chunks/DExj1W_8.js                                              11.93 kB │ gzip:   5.04 kB
.svelte-kit/output/client/_app/immutable/chunks/ByWQv1Qj.js                                              12.00 kB │ gzip:   2.17 kB
.svelte-kit/output/client/_app/immutable/chunks/CxZEssPk.js                                              12.04 kB │ gzip:   1.64 kB
.svelte-kit/output/client/_app/immutable/chunks/D8VeW0ES.js                                              12.05 kB │ gzip:   3.29 kB
.svelte-kit/output/client/_app/immutable/chunks/C9xNZdZF.js                                              12.13 kB │ gzip:   2.36 kB
.svelte-kit/output/client/_app/immutable/chunks/BK338c59.js                                              12.29 kB │ gzip:   3.60 kB
.svelte-kit/output/client/_app/immutable/chunks/yIIYrDX_.js                                              12.30 kB │ gzip:   3.63 kB
.svelte-kit/output/client/_app/immutable/chunks/U0d_L8uA.js                                              12.44 kB │ gzip:   3.71 kB
.svelte-kit/output/client/_app/immutable/chunks/CWkaFbjt.js                                              12.56 kB │ gzip:   4.42 kB
.svelte-kit/output/client/_app/immutable/nodes/26.BAU9_Ub6.js                                            12.65 kB │ gzip:   4.81 kB
.svelte-kit/output/client/_app/immutable/chunks/DdrHHSXu.js                                              12.73 kB │ gzip:   1.99 kB
.svelte-kit/output/client/_app/immutable/nodes/5.BAbGzW6-.js                                             12.88 kB │ gzip:   4.66 kB
.svelte-kit/output/client/_app/immutable/chunks/qdxAdBWQ.js                                              12.88 kB │ gzip:   3.23 kB
.svelte-kit/output/client/_app/immutable/chunks/DZE6ksi2.js                                              12.90 kB │ gzip:   3.75 kB
.svelte-kit/output/client/_app/immutable/chunks/BJitypiv.js                                              13.03 kB │ gzip:   1.73 kB
.svelte-kit/output/client/_app/immutable/chunks/CjNLYCLg.js                                              13.11 kB │ gzip:   4.06 kB
.svelte-kit/output/client/_app/immutable/chunks/DUel_ozq.js                                              13.15 kB │ gzip:   3.91 kB
.svelte-kit/output/client/_app/immutable/entry/app.FvTod31j.js                                           13.20 kB │ gzip:   4.21 kB
.svelte-kit/output/client/_app/immutable/chunks/BXb3_bRw.js                                              13.31 kB │ gzip:   4.48 kB
.svelte-kit/output/client/_app/immutable/chunks/DBj4K9d_.js                                              13.32 kB │ gzip:   2.75 kB
.svelte-kit/output/client/_app/immutable/nodes/11.cNWdUOLT.js                                            13.57 kB │ gzip:   5.40 kB
.svelte-kit/output/client/_app/immutable/chunks/VbXTXTou.js                                              13.61 kB │ gzip:   3.03 kB
.svelte-kit/output/client/_app/immutable/chunks/CDeNXAV0.js                                              13.65 kB │ gzip:   2.28 kB
.svelte-kit/output/client/_app/immutable/chunks/fwtXNY1n.js                                              13.67 kB │ gzip:   3.05 kB
.svelte-kit/output/client/_app/immutable/chunks/BZCL-v6S.js                                              13.75 kB │ gzip:   3.06 kB
.svelte-kit/output/client/_app/immutable/chunks/DV4VLySd.js                                              13.82 kB │ gzip:   2.57 kB
.svelte-kit/output/client/_app/immutable/chunks/nFMaYfgc.js                                              14.03 kB │ gzip:   2.85 kB
.svelte-kit/output/client/_app/immutable/chunks/BHpQb5nM.js                                              14.11 kB │ gzip:   2.14 kB
.svelte-kit/output/client/_app/immutable/chunks/BXViO-2h.js                                              14.15 kB │ gzip:   3.02 kB
.svelte-kit/output/client/_app/immutable/chunks/B68TUdTA.js                                              14.27 kB │ gzip:   3.00 kB
.svelte-kit/output/client/_app/immutable/chunks/CtfBBspg.js                                              14.35 kB │ gzip:   2.50 kB
.svelte-kit/output/client/_app/immutable/chunks/Bx1FflLF.js                                              14.43 kB │ gzip:   3.11 kB
.svelte-kit/output/client/_app/immutable/chunks/DXG-b-1a.js                                              14.43 kB │ gzip:   3.12 kB
.svelte-kit/output/client/_app/immutable/chunks/B_tTalzw.js                                              14.59 kB │ gzip:   3.07 kB
.svelte-kit/output/client/_app/immutable/chunks/7GGW24-e.js                                              14.77 kB │ gzip:   3.27 kB
.svelte-kit/output/client/_app/immutable/nodes/13.BRmy_Qcx.js                                            14.82 kB │ gzip:   5.55 kB
.svelte-kit/output/client/_app/immutable/chunks/Ib2KP9im.js                                              14.83 kB │ gzip:   5.21 kB
.svelte-kit/output/client/_app/immutable/chunks/CU5MCidY.js                                              14.99 kB │ gzip:   5.44 kB
.svelte-kit/output/client/_app/immutable/chunks/Cfkwpbl8.js                                              15.06 kB │ gzip:   2.71 kB
.svelte-kit/output/client/_app/immutable/chunks/BFfNmvJl.js                                              15.10 kB │ gzip:   4.68 kB
.svelte-kit/output/client/_app/immutable/nodes/9.CzmYOlOX.js                                             15.15 kB │ gzip:   5.71 kB
.svelte-kit/output/client/_app/immutable/chunks/C7mF5XQf.js                                              15.16 kB │ gzip:   3.92 kB
.svelte-kit/output/client/_app/immutable/chunks/IvuFDN5E.js                                              15.50 kB │ gzip:   2.47 kB
.svelte-kit/output/client/_app/immutable/chunks/Cs6JJXT5.js                                              15.53 kB │ gzip:   2.70 kB
.svelte-kit/output/client/_app/immutable/chunks/DfvsDSvi.js                                              15.58 kB │ gzip:   3.18 kB
.svelte-kit/output/client/_app/immutable/chunks/CLvhMVsD.js                                              15.84 kB │ gzip:   5.93 kB
.svelte-kit/output/client/_app/immutable/nodes/14.DgGRg-Ga.js                                            15.90 kB │ gzip:   6.09 kB
.svelte-kit/output/client/_app/immutable/chunks/D7qyCx1q.js                                              16.07 kB │ gzip:   3.06 kB
.svelte-kit/output/client/_app/immutable/chunks/BeLIMWJF.js                                              16.10 kB │ gzip:   4.52 kB
.svelte-kit/output/client/_app/immutable/chunks/C2pBCSgt.js                                              16.13 kB │ gzip:   3.54 kB
.svelte-kit/output/client/_app/immutable/chunks/CE9AQfxI.js                                              16.19 kB │ gzip:   2.04 kB
.svelte-kit/output/client/_app/immutable/chunks/BrPxG357.js                                              16.25 kB │ gzip:   2.76 kB
.svelte-kit/output/client/_app/immutable/chunks/Bj7E1mRn.js                                              16.40 kB │ gzip:   3.14 kB
.svelte-kit/output/client/_app/immutable/chunks/DoanWoRz.js                                              16.50 kB │ gzip:   2.03 kB
.svelte-kit/output/client/_app/immutable/chunks/B1RWQWA5.js                                              16.50 kB │ gzip:   2.92 kB
.svelte-kit/output/client/_app/immutable/chunks/BML5mF2J.js                                              17.11 kB │ gzip:   2.90 kB
.svelte-kit/output/client/_app/immutable/chunks/BmuOG9ZW.js                                              17.11 kB │ gzip:   2.91 kB
.svelte-kit/output/client/_app/immutable/chunks/Bozd7klA.js                                              17.12 kB │ gzip:   2.92 kB
.svelte-kit/output/client/_app/immutable/chunks/C3INYZEY.js                                              17.60 kB │ gzip:   5.14 kB
.svelte-kit/output/client/_app/immutable/chunks/BYnGhZoM.js                                              17.65 kB │ gzip:   3.06 kB
.svelte-kit/output/client/_app/immutable/chunks/Bl7l9v3M.js                                              17.71 kB │ gzip:   4.80 kB
.svelte-kit/output/client/_app/immutable/chunks/DWted8aI.js                                              18.04 kB │ gzip:   2.51 kB
.svelte-kit/output/client/_app/immutable/chunks/ByZLo-HZ.js                                              18.07 kB │ gzip:   3.13 kB
.svelte-kit/output/client/_app/immutable/chunks/D2LTy7AW.js                                              18.21 kB │ gzip:   3.12 kB
.svelte-kit/output/client/_app/immutable/chunks/7bXqjApu.js                                              18.57 kB │ gzip:   5.93 kB
.svelte-kit/output/client/_app/immutable/chunks/Cwwjwwso.js                                              18.60 kB │ gzip:   7.72 kB
.svelte-kit/output/client/_app/immutable/chunks/Bm3Qr25_.js                                              18.61 kB │ gzip:   3.10 kB
.svelte-kit/output/client/_app/immutable/chunks/2IIEA8gg.js                                              18.62 kB │ gzip:   3.10 kB
.svelte-kit/output/client/_app/immutable/chunks/CHQ94UKr.js                                              18.62 kB │ gzip:   3.12 kB
.svelte-kit/output/client/_app/immutable/chunks/uhdI0v04.js                                              18.63 kB │ gzip:   3.10 kB
.svelte-kit/output/client/_app/immutable/chunks/B5W6OYN7.js                                              18.63 kB │ gzip:   3.11 kB
.svelte-kit/output/client/_app/immutable/nodes/12.BIJrkzXT.js                                            18.83 kB │ gzip:   5.65 kB
.svelte-kit/output/client/_app/immutable/chunks/DYvRD3hg.js                                              19.08 kB │ gzip:   3.76 kB
.svelte-kit/output/client/_app/immutable/chunks/CacY0gHj.js                                              19.17 kB │ gzip:   3.59 kB
.svelte-kit/output/client/_app/immutable/chunks/yCfI4PCa.js                                              19.45 kB │ gzip:   7.06 kB
.svelte-kit/output/client/_app/immutable/chunks/BlTlFYXG.js                                              19.97 kB │ gzip:   7.56 kB
.svelte-kit/output/client/_app/immutable/chunks/BuMHcmVP.js                                              20.05 kB │ gzip:   2.92 kB
.svelte-kit/output/client/_app/immutable/chunks/fCzbojIh.js                                              20.05 kB │ gzip:   2.92 kB
.svelte-kit/output/client/_app/immutable/chunks/BAlpcs8r.js                                              20.05 kB │ gzip:   6.79 kB
.svelte-kit/output/client/_app/immutable/chunks/BQN5ssu7.js                                              20.05 kB │ gzip:   5.49 kB
.svelte-kit/output/client/_app/immutable/chunks/DluEY0Gj.js                                              20.07 kB │ gzip:   3.93 kB
.svelte-kit/output/client/_app/immutable/chunks/Bqwy1Gya.js                                              20.08 kB │ gzip:   3.91 kB
.svelte-kit/output/client/_app/immutable/chunks/C3h-C4tm.js                                              20.14 kB │ gzip:   3.89 kB
.svelte-kit/output/client/_app/immutable/chunks/CCSX75yM.js                                              20.15 kB │ gzip:   4.05 kB
.svelte-kit/output/client/_app/immutable/chunks/DvXPmvsu.js                                              20.35 kB │ gzip:   6.73 kB
.svelte-kit/output/client/_app/immutable/chunks/BbFhpoyO.js                                              20.42 kB │ gzip:   7.39 kB
.svelte-kit/output/client/_app/immutable/chunks/BHJKFM7z.js                                              20.69 kB │ gzip:   6.85 kB
.svelte-kit/output/client/_app/immutable/chunks/4G7pJPwS.js                                              20.77 kB │ gzip:   3.80 kB
.svelte-kit/output/client/_app/immutable/chunks/DHYfO66s.js                                              20.87 kB │ gzip:   5.36 kB
.svelte-kit/output/client/_app/immutable/chunks/BHWKrbxM.js                                              21.06 kB │ gzip:   3.99 kB
.svelte-kit/output/client/_app/immutable/chunks/5eyTD99u.js                                              21.07 kB │ gzip:   4.02 kB
.svelte-kit/output/client/_app/immutable/chunks/DdvCle-K.js                                              21.46 kB │ gzip:   2.87 kB
.svelte-kit/output/client/_app/immutable/chunks/DsAllRJ7.js                                              21.47 kB │ gzip:   3.74 kB
.svelte-kit/output/client/_app/immutable/chunks/DtN2nEDY.js                                              21.60 kB │ gzip:   5.78 kB
.svelte-kit/output/client/_app/immutable/chunks/aMsaMD1D.js                                              21.73 kB │ gzip:   3.88 kB
.svelte-kit/output/client/_app/immutable/chunks/DO-qXg-I.js                                              21.74 kB │ gzip:   3.89 kB
.svelte-kit/output/client/_app/immutable/chunks/8PwUyIlP.js                                              21.74 kB │ gzip:   3.89 kB
.svelte-kit/output/client/_app/immutable/nodes/19.C7s4dYFx.js                                            21.87 kB │ gzip:   7.43 kB
.svelte-kit/output/client/_app/immutable/chunks/DY-B0LvR.js                                              22.41 kB │ gzip:   3.13 kB
.svelte-kit/output/client/_app/immutable/chunks/Cv5bFMCO.js                                              22.57 kB │ gzip:   6.07 kB
.svelte-kit/output/client/_app/immutable/chunks/C820rvS2.js                                              22.63 kB │ gzip:   4.15 kB
.svelte-kit/output/client/_app/immutable/chunks/MrdJrrXF.js                                              22.63 kB │ gzip:   4.15 kB
.svelte-kit/output/client/_app/immutable/chunks/BC_s9l72.js                                              22.63 kB │ gzip:   4.16 kB
.svelte-kit/output/client/_app/immutable/chunks/BSMLrYjP.js                                              22.63 kB │ gzip:   4.16 kB
.svelte-kit/output/client/_app/immutable/chunks/BPjhmG05.js                                              22.63 kB │ gzip:   4.15 kB
.svelte-kit/output/client/_app/immutable/chunks/BAWPOn9u.js                                              22.63 kB │ gzip:   4.16 kB
.svelte-kit/output/client/_app/immutable/chunks/CC9KCW0N.js                                              22.85 kB │ gzip:   6.71 kB
.svelte-kit/output/client/_app/immutable/chunks/gaAr2yJe.js                                              23.47 kB │ gzip:   7.50 kB
.svelte-kit/output/client/_app/immutable/chunks/CQ2zXKGN.js                                              23.66 kB │ gzip:   3.65 kB
.svelte-kit/output/client/_app/immutable/chunks/DCvM94v7.js                                              23.98 kB │ gzip:   7.58 kB
.svelte-kit/output/client/_app/immutable/chunks/DRpR5_BG.js                                              24.00 kB │ gzip:   4.14 kB
.svelte-kit/output/client/_app/immutable/chunks/CzszQKcx.js                                              24.04 kB │ gzip:   5.40 kB
.svelte-kit/output/client/_app/immutable/chunks/C6UC8iSL.js                                              24.21 kB │ gzip:   9.32 kB
.svelte-kit/output/client/_app/immutable/chunks/DgV8mo85.js                                              24.22 kB │ gzip:   3.97 kB
.svelte-kit/output/client/_app/immutable/chunks/BroJfC0k.js                                              24.25 kB │ gzip:   3.86 kB
.svelte-kit/output/client/_app/immutable/chunks/9MfHhQsQ.js                                              24.67 kB │ gzip:   3.24 kB
.svelte-kit/output/client/_app/immutable/chunks/CEGMly9W.js                                              24.90 kB │ gzip:   3.01 kB
.svelte-kit/output/client/_app/immutable/chunks/DgjMoLWr.js                                              24.93 kB │ gzip:   3.76 kB
.svelte-kit/output/client/_app/immutable/chunks/BRdr0IET.js                                              25.03 kB │ gzip:   2.62 kB
.svelte-kit/output/client/_app/immutable/chunks/Yf0g_uY-.js                                              25.29 kB │ gzip:   4.12 kB
.svelte-kit/output/client/_app/immutable/chunks/D7Lr4KcI.js                                              25.29 kB │ gzip:   3.63 kB
.svelte-kit/output/client/_app/immutable/chunks/BZKGQDc2.js                                              25.46 kB │ gzip:   3.58 kB
.svelte-kit/output/client/_app/immutable/nodes/18.-Nshjcu9.js                                            25.71 kB │ gzip:   8.47 kB
.svelte-kit/output/client/_app/immutable/chunks/eJ-hLW7d.js                                              25.89 kB │ gzip:   4.23 kB
.svelte-kit/output/client/_app/immutable/chunks/D0apG41V.js                                              26.37 kB │ gzip:   3.97 kB
.svelte-kit/output/client/_app/immutable/nodes/0.CzIuoHq_.js                                             26.44 kB │ gzip:   9.36 kB
.svelte-kit/output/client/_app/immutable/chunks/Dh5ihWbf.js                                              26.54 kB │ gzip:   4.85 kB
.svelte-kit/output/client/_app/immutable/chunks/Cb4Vim4T.js                                              26.72 kB │ gzip:   4.35 kB
.svelte-kit/output/client/_app/immutable/chunks/oeQT6MSM.js                                              26.87 kB │ gzip:   3.79 kB
.svelte-kit/output/client/_app/immutable/chunks/Cg2SuelU.js                                              27.24 kB │ gzip:   4.21 kB
.svelte-kit/output/client/_app/immutable/chunks/MqsMv5Is.js                                              27.26 kB │ gzip:   4.30 kB
.svelte-kit/output/client/_app/immutable/chunks/DDDFy-MD.js                                              27.41 kB │ gzip:   6.34 kB
.svelte-kit/output/client/_app/immutable/chunks/BApYaJfA.js                                              27.44 kB │ gzip:   3.53 kB
.svelte-kit/output/client/_app/immutable/chunks/DRSip22J.js                                              27.89 kB │ gzip:   8.86 kB
.svelte-kit/output/client/_app/immutable/chunks/Z8TBmJFX.js                                              28.19 kB │ gzip:   6.93 kB
.svelte-kit/output/client/_app/immutable/nodes/32.DyTpD_UZ.js                                            28.79 kB │ gzip:   9.22 kB
.svelte-kit/output/client/_app/immutable/chunks/BiFt_7mu.js                                              28.88 kB │ gzip:   3.93 kB
.svelte-kit/output/client/_app/immutable/chunks/DhmEMT88.js                                              28.91 kB │ gzip:   5.14 kB
.svelte-kit/output/client/_app/immutable/chunks/B3KkkTXl.js                                              29.37 kB │ gzip:   4.42 kB
.svelte-kit/output/client/_app/immutable/chunks/CCn79oCD.js                                              29.56 kB │ gzip:   5.94 kB
.svelte-kit/output/client/_app/immutable/chunks/CB2VKoqK.js                                              30.64 kB │ gzip:   9.88 kB
.svelte-kit/output/client/_app/immutable/chunks/pOzHiYjL.js                                              30.88 kB │ gzip:  11.62 kB
.svelte-kit/output/client/_app/immutable/chunks/BQ8TNH-l.js                                              30.98 kB │ gzip:   4.29 kB
.svelte-kit/output/client/_app/immutable/chunks/B6D30XZt.js                                              31.06 kB │ gzip:   8.01 kB
.svelte-kit/output/client/_app/immutable/chunks/CA9gdOdF.js                                              31.43 kB │ gzip:   7.82 kB
.svelte-kit/output/client/_app/immutable/chunks/eOit-HOq.js                                              31.65 kB │ gzip:   8.26 kB
.svelte-kit/output/client/_app/immutable/chunks/NnbMbjfj.js                                              31.66 kB │ gzip:   8.37 kB
.svelte-kit/output/client/_app/immutable/chunks/DXhUWyoe.js                                              31.90 kB │ gzip:   7.26 kB
.svelte-kit/output/client/_app/immutable/chunks/Cd3QN-GP.js                                              32.08 kB │ gzip:   9.43 kB
.svelte-kit/output/client/_app/immutable/nodes/34.Boer6ozr.js                                            32.93 kB │ gzip:  10.56 kB
.svelte-kit/output/client/_app/immutable/chunks/DRFjx7u4.js                                              33.49 kB │ gzip:   5.49 kB
.svelte-kit/output/client/_app/immutable/chunks/CLwyXe_n.js                                              33.78 kB │ gzip:   5.50 kB
.svelte-kit/output/client/_app/immutable/chunks/KYRAD2b_.js                                              33.94 kB │ gzip:   8.35 kB
.svelte-kit/output/client/_app/immutable/chunks/DaWjRUtT.js                                              34.63 kB │ gzip:   8.42 kB
.svelte-kit/output/client/_app/immutable/chunks/Da0Pq-tF.js                                              34.94 kB │ gzip:   8.77 kB
.svelte-kit/output/client/_app/immutable/chunks/ITNYJIBc.js                                              35.34 kB │ gzip:   4.45 kB
.svelte-kit/output/client/_app/immutable/chunks/HLH99HuF.js                                              35.40 kB │ gzip:  11.19 kB
.svelte-kit/output/client/_app/immutable/chunks/CsvMBhTu.js                                              35.41 kB │ gzip:   5.76 kB
.svelte-kit/output/client/_app/immutable/chunks/oM2G3aXe.js                                              35.66 kB │ gzip:   6.22 kB
.svelte-kit/output/client/_app/immutable/chunks/C8oCnwJJ.js                                              35.94 kB │ gzip:   6.00 kB
.svelte-kit/output/client/_app/immutable/chunks/yck5y8x3.js                                              35.98 kB │ gzip:   3.50 kB
.svelte-kit/output/client/_app/immutable/chunks/w477meRr.js                                              36.19 kB │ gzip:  11.78 kB
.svelte-kit/output/client/_app/immutable/chunks/CXuKk5E8.js                                              37.46 kB │ gzip:   4.36 kB
.svelte-kit/output/client/_app/immutable/chunks/CYIUgYqB.js                                              38.67 kB │ gzip:   8.49 kB
.svelte-kit/output/client/_app/immutable/nodes/33.BbrAn0Io.js                                            38.95 kB │ gzip:  12.16 kB
.svelte-kit/output/client/_app/immutable/chunks/B-ZEM4O_.js                                              39.06 kB │ gzip:  10.88 kB
.svelte-kit/output/client/_app/immutable/chunks/5o828efA.js                                              39.94 kB │ gzip:  12.76 kB
.svelte-kit/output/client/_app/immutable/chunks/Cmm7eHzH.js                                              40.71 kB │ gzip:   8.16 kB
.svelte-kit/output/client/_app/immutable/chunks/D8IpX4py.js                                              41.48 kB │ gzip:   6.41 kB
.svelte-kit/output/client/_app/immutable/chunks/UW2ZBlb9.js                                              41.52 kB │ gzip:   6.12 kB
.svelte-kit/output/client/_app/immutable/chunks/BjDS0fWV.js                                              42.28 kB │ gzip:  12.66 kB
.svelte-kit/output/client/_app/immutable/chunks/B_IxL0uk.js                                              43.11 kB │ gzip:   4.62 kB
.svelte-kit/output/client/_app/immutable/chunks/qD-0Kul2.js                                              43.78 kB │ gzip:   8.43 kB
.svelte-kit/output/client/_app/immutable/chunks/OO5iLzpy.js                                              45.00 kB │ gzip:  16.54 kB
.svelte-kit/output/client/_app/immutable/chunks/_6rzW9BS.js                                              45.05 kB │ gzip:   9.87 kB
.svelte-kit/output/client/_app/immutable/chunks/szsLcAfb.js                                              45.27 kB │ gzip:  15.69 kB
.svelte-kit/output/client/_app/immutable/chunks/C8ufuNyb.js                                              46.53 kB │ gzip:   5.65 kB
.svelte-kit/output/client/_app/immutable/chunks/rLFTqkRN.js                                              46.81 kB │ gzip:   5.14 kB
.svelte-kit/output/client/_app/immutable/chunks/KFGFyKwG.js                                              47.88 kB │ gzip:   6.85 kB
.svelte-kit/output/client/_app/immutable/chunks/C5qYipkI.js                                              48.07 kB │ gzip:   5.96 kB
.svelte-kit/output/client/_app/immutable/chunks/BSPImt4y.js                                              49.09 kB │ gzip:  11.95 kB
.svelte-kit/output/client/_app/immutable/chunks/DsUTQ-LC.js                                              49.92 kB │ gzip:   9.47 kB
.svelte-kit/output/client/_app/immutable/chunks/DjuaAJKi.js                                              50.84 kB │ gzip:   8.47 kB
.svelte-kit/output/client/_app/immutable/chunks/CtsyrtPq.js                                              50.84 kB │ gzip:   8.48 kB
.svelte-kit/output/client/_app/immutable/chunks/C9Q5zVZY.js                                              50.85 kB │ gzip:   8.48 kB
.svelte-kit/output/client/_app/immutable/chunks/R8nAf1vR.js                                              50.85 kB │ gzip:   8.48 kB
.svelte-kit/output/client/_app/immutable/chunks/jTjT0DfN.js                                              51.58 kB │ gzip:  15.73 kB
.svelte-kit/output/client/_app/immutable/chunks/sB-x3p7T.js                                              53.74 kB │ gzip:   8.37 kB
.svelte-kit/output/client/_app/immutable/chunks/Df2xbC6M.js                                              53.74 kB │ gzip:   8.36 kB
.svelte-kit/output/client/_app/immutable/chunks/BxpfTIzt.js                                              54.80 kB │ gzip:   4.79 kB
.svelte-kit/output/client/_app/immutable/chunks/ClFFjSW2.js                                              55.87 kB │ gzip:   4.81 kB
.svelte-kit/output/client/_app/immutable/chunks/DeH7TEqX.js                                              56.98 kB │ gzip:  12.39 kB
.svelte-kit/output/client/_app/immutable/nodes/31.DZs_4Mb2.js                                            57.04 kB │ gzip:  17.27 kB
.svelte-kit/output/client/_app/immutable/chunks/CN-kk2g8.js                                              57.29 kB │ gzip:  11.76 kB
.svelte-kit/output/client/_app/immutable/chunks/B7ZEbQpA.js                                              58.68 kB │ gzip:   8.10 kB
.svelte-kit/output/client/_app/immutable/chunks/BYOwaDjH.js                                              59.32 kB │ gzip:   5.66 kB
.svelte-kit/output/client/_app/immutable/chunks/CXKVJENn.js                                              61.77 kB │ gzip:  23.61 kB
.svelte-kit/output/client/_app/immutable/chunks/E1nhVIRx.js                                              61.88 kB │ gzip:  18.32 kB
.svelte-kit/output/client/_app/immutable/chunks/O90oeIOV.js                                              62.44 kB │ gzip:   5.04 kB
.svelte-kit/output/client/_app/immutable/chunks/fg40_ntQ.js                                              69.51 kB │ gzip:   9.20 kB
.svelte-kit/output/client/_app/immutable/nodes/25.r1jWVdY4.js                                            69.76 kB │ gzip:  17.74 kB
.svelte-kit/output/client/_app/immutable/chunks/gzcpVVnB.js                                              69.94 kB │ gzip:   9.09 kB
.svelte-kit/output/client/_app/immutable/chunks/B7YBb3Hq.js                                              72.16 kB │ gzip:  10.54 kB
.svelte-kit/output/client/_app/immutable/chunks/x7Oz0ub3.js                                              72.87 kB │ gzip:   6.74 kB
.svelte-kit/output/client/_app/immutable/chunks/CgoNMtux.js                                              74.64 kB │ gzip:  10.69 kB
.svelte-kit/output/client/_app/immutable/chunks/BhOFtLLF.js                                              81.06 kB │ gzip:  26.44 kB
.svelte-kit/output/client/_app/immutable/chunks/CyEgAFGc.js                                              87.22 kB │ gzip:  14.79 kB
.svelte-kit/output/client/_app/immutable/chunks/CYNrtFtB.js                                              88.96 kB │ gzip:  11.18 kB
.svelte-kit/output/client/_app/immutable/chunks/oqKa8noW.js                                              90.18 kB │ gzip:  10.71 kB
.svelte-kit/output/client/_app/immutable/chunks/SLXaKUQC.js                                              91.36 kB │ gzip:  26.12 kB
.svelte-kit/output/client/_app/immutable/chunks/DcIDlBhZ.js                                              92.38 kB │ gzip:  15.07 kB
.svelte-kit/output/client/_app/immutable/chunks/DVTAwKKz.js                                              97.62 kB │ gzip:  14.84 kB
.svelte-kit/output/client/_app/immutable/chunks/DqYfTBBL.js                                             104.92 kB │ gzip:  28.26 kB
.svelte-kit/output/client/_app/immutable/chunks/D1A_Heim.js                                             105.40 kB │ gzip:  23.63 kB
.svelte-kit/output/client/_app/immutable/chunks/CvHqhWa5.js                                             113.05 kB │ gzip:  28.82 kB
.svelte-kit/output/client/_app/immutable/chunks/SCjQUq34.js                                             136.04 kB │ gzip:   9.45 kB
.svelte-kit/output/client/_app/immutable/chunks/DQZ5AkYe.js                                             136.10 kB │ gzip:  23.54 kB
.svelte-kit/output/client/_app/immutable/chunks/CsJ9-EYl.js                                             163.13 kB │ gzip:  10.72 kB
.svelte-kit/output/client/_app/immutable/chunks/BsSzOQcm.js                                             171.96 kB │ gzip:  30.98 kB
.svelte-kit/output/client/_app/immutable/chunks/DKxQjsmF.js                                             174.87 kB │ gzip:  16.67 kB
.svelte-kit/output/client/_app/immutable/chunks/q7bdLbId.js                                             175.58 kB │ gzip:  16.66 kB
.svelte-kit/output/client/_app/immutable/chunks/CcDslhWf.js                                             177.84 kB │ gzip:  16.76 kB
.svelte-kit/output/client/_app/immutable/chunks/PYXmkWQR.js                                             181.12 kB │ gzip:  16.28 kB
.svelte-kit/output/client/_app/immutable/chunks/PQzR-riV.js                                             183.71 kB │ gzip:  16.77 kB
.svelte-kit/output/client/_app/immutable/chunks/Eu7fqxDR.js                                             190.01 kB │ gzip:  18.04 kB
.svelte-kit/output/client/_app/immutable/chunks/CAaadklP.js                                             214.77 kB │ gzip:  66.64 kB
.svelte-kit/output/client/_app/immutable/chunks/_AjD9dJ3.js                                             230.87 kB │ gzip:  63.16 kB
.svelte-kit/output/client/_app/immutable/chunks/DLL8P-h_.js                                             262.38 kB │ gzip:  77.63 kB
.svelte-kit/output/client/_app/immutable/chunks/CIKVmJ8v.js                                             430.95 kB │ gzip: 129.05 kB
.svelte-kit/output/client/_app/immutable/chunks/BnjxR4X6.js                                             622.32 kB │ gzip: 232.09 kB
.svelte-kit/output/client/_app/immutable/chunks/Bd5PR4J-.js                                             785.51 kB │ gzip:  58.24 kB
.svelte-kit/output/client/_app/immutable/chunks/c_oH4hRZ.js                                             790.00 kB │ gzip: 200.30 kB

[plugin builtin:vite-reporter] 
(!) Some chunks are larger than 500 kB after minification. Consider:
- Using dynamic import() to code-split the application
- Use build.rolldownOptions.output.codeSplitting to improve chunking: https://rolldown.rs/reference/OutputOptions.codeSplitting
- Adjust chunk size limit for this warning via build.chunkSizeWarningLimit.
✓ built in 9.63s
[33m[PLUGIN_TIMINGS] [0mYour build spent 94% of 9.6s inside plugin hooks (9.0s).
Measured inside the callback, so queue time is excluded and time the callback itself awaited is not:
  - vite-plugin-svelte:compile transform (47%, 4.5s, 1655 calls)
  - vite:asset-import-meta-url transform (27%, 2.6s, 1 call)
  - vite-plugin-svelte:compile-module transform (19%, 1.9s, 321 calls)
  - vite:css transform (15%, 1.4s, 101 calls)
  - vite:asset load (13%, 1.2s, 1 call)
Those rows are 100% of the build; the rest of the 94% is below.
Not measurable — 2 hooks whose calls overlap, so elapsed time covers work other calls were doing. Profile with `node --cpu-prof`:
  - vite-plugin-sveltekit-guard resolveId (15657 calls)
  - @tailwindcss/vite:generate:build transform (101 calls)
See https://rolldown.rs/reference/InputOptions.checks#plugintimings for more details.

(node:1574551) Warning: The 'NO_COLOR' env is ignored due to the 'FORCE_COLOR' env being set.
(Use `node --trace-warnings ...` to show where the warning was created)
Prerendering

Run npm run preview to preview your production build locally.

> Using @sveltejs/adapter-static
Reading `config.kit` inside adapters is deprecated — it should access configuration on the `config` object directly. You may need to update your adapter
Wrote site to "build"
✔ done
